first_name,last_name,gender,email,phone_number,date_of_birth,join_date
Bengt,Oxberry,Male,boxberry0@seattletimes.com,694-831-0135,1941-06-19,2010-07-11
Elaina,Southerden,Female,esoutherden1@tumblr.com,863-361-8776,1981-03-07,2021-06-12
Calli,Hazlegrove,Female,chazlegrove2@nytimes.com,371-164-7165,1955-10-08,2014-06-13
Rurik,Hurdman,Male,rhurdman3@hibu.com,346-206-1448,1967-04-16,2017-03-03
Ag,Darley,Female,adarley4@mlb.com,994-202-8834,1961-10-23,2018-09-09
Titos,Steggals,Male,tsteggals5@redcross.org,598-612-8761,1954-12-30,2019-07-20
Bernetta,Debling,Female,bdebling6@twitpic.com,157-307-0067,1958-06-24,2017-05-07
Silvanus,Pendre,Male,spendre7@tamu.edu,250-878-0011,1986-09-03,2010-08-15
Shannah,Dingley,Female,sdingley8@mlb.com,551-724-3256,1984-01-20,2011-03-12
Roseanna,Frohock,Female,rfrohock9@gnu.org,133-707-7324,2001-11-05,2022-01-13
Faulkner,Roder,Male,frodera@cloudflare.com,913-310-5864,1995-04-17,2022-05-13
Alfredo,Lawler,Male,alawlerb@gmpg.org,154-413-5007,1956-05-17,2014-03-27
Afton,Calverd,Female,acalverdc@over-blog.com,453-945-9553,1979-10-29,2020-02-18
Gretel,Hindrick,Female,ghindrickd@nyu.edu,926-201-6371,1980-12-23,2016-10-09
Alicea,Hakey,Female,ahakeye@discuz.net,621-765-6448,1995-04-30,2013-03-14
Ulla,Paget,Female,upagetf@pagesperso-orange.fr,273-469-4613,1981-08-07,2017-03-28
Jo-ann,Poluzzi,Female,jpoluzzig@bandcamp.com,268-535-3054,1984-04-24,2011-04-04
Richy,Cattlemull,Male,rcattlemullh@ning.com,486-874-0367,1961-05-24,2023-04-18
Kaylil,Crees,Female,kcreesi@wunderground.com,372-958-0069,1944-02-20,2016-03-18
Skippy,Lant,Male,slantj@businessinsider.com,434-690-5811,1976-09-12,2019-08-29
Lilias,Preuvost,Female,lpreuvostk@quantcast.com,214-233-8779,1976-12-05,2013-09-10
Jyoti,Giblin,Female,jgiblinl@stumbleupon.com,913-926-7043,1956-09-23,2020-03-15
Arabelle,Bunton,Female,abuntonm@sohu.com,168-417-7490,1947-04-19,2018-06-07
Peta,Hars,Female,pharsn@ucoz.ru,347-702-8468,2001-03-03,2013-06-15
Kahlil,Maylin,Male,kmaylino@bing.com,967-663-7198,1980-01-30,2012-03-03
Tamma,Baron,Female,tbaronp@cargocollective.com,927-890-6798,1960-12-06,2023-08-16
Veronica,O'Loughnan,Female,voloughnanq@accuweather.com,644-412-5265,1956-02-24,2012-04-08
Bearnard,Swaine,Male,bswainer@friendfeed.com,725-556-7254,1961-07-18,2016-11-27
Daveen,Rodmell,Male,drodmells@furl.net,732-695-6875,1998-04-07,2016-05-20
Gaylord,Dimont,Male,gdimontt@blinklist.com,796-327-4747,1982-08-27,2022-03-23
Romain,Barok,Male,rbaroku@hostgator.com,731-322-4012,1961-06-24,2023-04-22
Marcelline,Voden,Female,mvodenv@delicious.com,495-318-3337,1971-07-23,2012-03-15
Abner,Prothero,Male,aprotherow@epa.gov,571-771-8634,1994-06-11,2014-07-23
Hillary,Dugmore,Male,hdugmorex@mtv.com,920-885-4521,1961-11-02,2016-02-04
Delmer,Gambell,Female,dgambelly@over-blog.com,121-502-6320,1963-07-18,2021-03-23
Shurlocke,Hastwell,Male,shastwellz@multiply.com,925-243-2000,1990-11-08,2020-01-03
Ruddy,Crepel,Male,rcrepel10@fc2.com,478-910-7770,1942-05-15,2018-02-10
Jaquenetta,De Freitas,Female,jdefreitas11@sciencedaily.com,155-345-4481,1974-08-05,2022-05-29
Bili,Orth,Female,borth12@facebook.com,314-732-6832,1964-11-29,2023-11-28
Brion,Gittose,Male,bgittose13@skyrock.com,446-325-6416,1994-06-09,2011-02-09
Katine,Buggs,Male,kbuggs14@java.com,265-839-5104,1991-10-13,2019-12-09
Bennett,Goldthorp,Male,bgoldthorp15@weibo.com,474-727-0310,1967-03-28,2010-06-21
Kylila,Sprules,Female,ksprules16@zdnet.com,897-713-2146,1983-06-18,2024-11-23
Westbrook,Bimrose,Male,wbimrose17@nbcnews.com,343-328-3328,1984-04-11,2014-10-19
Pooh,McSweeney,Male,pmcsweeney18@chron.com,520-898-7635,1964-08-04,2011-03-04
Dewie,Hinks,Male,dhinks19@goodreads.com,639-976-8200,1984-03-06,2013-07-20
Chrystal,Errigo,Female,cerrigo1a@virginia.edu,880-485-8163,1955-05-29,2024-06-30
Adler,Gadsby,Male,agadsby1b@skyrock.com,186-613-2459,1953-03-06,2012-10-20
Maximilianus,Halleday,Male,mhalleday1c@tamu.edu,592-249-8973,2001-06-21,2022-12-22
Myrtle,Carmody,Female,mcarmody1d@engadget.com,235-911-1987,2000-04-13,2019-07-21
Saul,Clerke,Male,sclerke1e@senate.gov,324-280-7187,1962-06-13,2022-08-08
Donica,Neachell,Female,dneachell1f@baidu.com,371-168-3463,1956-11-24,2022-03-16
Fraser,Checklin,Male,fchecklin1g@flavors.me,427-568-2901,1966-02-24,2012-08-21
Biron,MacDermott,Male,bmacdermott1h@joomla.org,470-871-3852,1964-03-15,2015-07-14
Edyth,Pechard,Female,epechard1i@nydailynews.com,421-861-7560,1953-01-17,2013-07-05
Hilary,Grogor,Male,hgrogor1j@state.tx.us,131-606-0271,1982-06-23,2018-12-20
Lesley,Comolli,Male,lcomolli1k@ifeng.com,348-916-9311,1977-01-18,2015-09-14
Ario,Clink,Male,aclink1l@loc.gov,181-482-8718,1963-05-16,2021-01-30
Kile,Rubberts,Male,krubberts1m@google.cn,610-459-6835,1983-01-11,2013-06-27
Lizzie,Howles,Female,lhowles1n@nba.com,128-463-8582,1964-07-11,2023-01-13
Ardene,Haggidon,Female,ahaggidon1o@about.com,602-559-1758,1996-09-19,2019-12-08
Meta,Krochmann,Female,mkrochmann1p@elpais.com,343-842-3176,2000-08-29,2014-05-24
Jecho,Godwin,Male,jgodwin1q@newsvine.com,980-220-1452,1962-03-29,2019-12-30
Chuck,Semper,Male,csemper1r@acquirethisname.com,653-903-9832,1985-03-11,2022-04-13
Vida,Briztman,Female,vbriztman1s@vkontakte.ru,800-960-4001,1997-07-11,2015-12-04
Odey,Dallyn,Male,odallyn1t@alexa.com,284-280-4620,1962-12-18,2023-09-15
Cyrillus,MacSherry,Male,cmacsherry1u@51.la,631-531-0900,1972-01-01,2013-01-01
Concettina,Pfaffe,Female,cpfaffe1v@weebly.com,110-761-3510,1967-08-05,2013-10-12
Jillana,Como,Female,jcomo1w@ovh.net,328-708-6881,1947-09-17,2016-10-16
Chariot,Pettus,Male,cpettus1x@slashdot.org,489-282-1651,2000-01-07,2010-11-14
Stepha,Vanacci,Female,svanacci1y@nydailynews.com,499-811-3213,1978-11-25,2014-06-03
Thornie,Gitsham,Male,tgitsham1z@twitter.com,482-804-8053,1952-10-15,2013-05-31
Lelah,Bastable,Female,lbastable20@telegraph.co.uk,532-260-3915,1979-01-27,2012-06-08
Hew,Origan,Male,horigan21@wikia.com,519-147-2857,1977-09-04,2011-04-26
Hadleigh,Josum,Male,hjosum22@pbs.org,341-682-7457,1965-12-05,2015-01-25
Kassi,Bourthouloume,Female,kbourthouloume23@ebay.co.uk,166-135-2744,1979-11-21,2021-11-28
Isa,Vlasenkov,Male,ivlasenkov24@creativecommons.org,779-518-2266,1948-09-17,2014-11-24
Sinclair,Sonley,Male,ssonley25@macromedia.com,355-495-3672,1984-02-11,2018-09-26
Nikola,Lathaye,Male,nlathaye26@baidu.com,714-926-5041,2000-06-29,2023-12-30
Normie,Thistleton,Male,nthistleton27@omniture.com,345-515-1634,1958-03-16,2024-06-21
Desmond,Sidebottom,Male,dsidebottom28@qq.com,125-398-6843,1995-01-31,2012-01-16
Peder,Codling,Male,pcodling29@google.fr,806-222-9018,1997-10-03,2022-04-04
Efren,Davenhall,Male,edavenhall2a@narod.ru,486-836-8717,1991-02-21,2015-07-19
Zelig,Chedzoy,Male,zchedzoy2b@loc.gov,591-492-0227,1950-01-22,2014-08-23
Gale,Debnam,Female,gdebnam2c@wikimedia.org,227-638-5452,1962-08-20,2019-06-17
Ronica,Cursey,Female,rcursey2d@indiegogo.com,702-454-2481,1973-08-30,2010-05-07
Hamid,Skiplorne,Male,hskiplorne2e@goo.gl,815-736-7341,1984-10-20,2023-06-19
Heinrick,Wittering,Male,hwittering2f@thetimes.co.uk,226-662-6759,1965-09-22,2021-04-18
Muriel,Collingham,Female,mcollingham2g@answers.com,355-458-9147,1964-06-19,2021-12-27
Alberik,Fitzsimmons,Male,afitzsimmons2h@economist.com,757-440-2750,1959-09-27,2021-12-06
Jewel,Muirden,Female,jmuirden2i@instagram.com,682-432-9913,1941-01-14,2011-08-21
Marie-jeanne,Spreull,Female,mspreull2j@apple.com,483-520-0536,1946-05-24,2019-09-06
Starr,Parmer,Female,sparmer2k@woothemes.com,172-879-7241,1982-05-23,2021-01-22
Goraud,Sherston,Male,gsherston2l@scientificamerican.com,829-975-6944,1956-11-09,2018-02-19
Irene,Clubley,Female,iclubley2m@live.com,918-392-5443,1942-01-27,2015-01-07
Pier,Ennew,Female,pennew2n@paginegialle.it,965-924-1635,1974-08-08,2016-09-06
Martina,McIan,Female,mmcian2o@google.pl,363-302-7283,1967-05-24,2010-03-04
Rickert,Norman,Male,rnorman2p@ucoz.com,764-680-3868,1985-12-30,2016-07-31
Hillard,Kibbe,Male,hkibbe2q@globo.com,435-164-5499,1989-12-24,2019-01-16
Bette,Treneman,Female,btreneman2r@hc360.com,351-919-4684,1973-02-27,2024-03-19
Catie,Conrad,Female,cconrad2s@bbc.co.uk,211-622-1038,1969-12-06,2017-11-01
Lilli,Stennard,Female,lstennard2t@networksolutions.com,973-864-0320,1996-09-03,2021-05-16
Ric,Scott,Male,rscott2u@fda.gov,617-956-3607,1990-06-23,2021-03-12
Ninnette,Masters,Female,nmasters2v@shop-pro.jp,866-384-1045,1990-08-12,2021-04-14
Zoe,Dunsmore,Female,zdunsmore2w@seattletimes.com,520-466-8079,1982-03-06,2018-08-16
Marin,Deener,Female,mdeener2x@nba.com,653-390-8494,1969-04-01,2018-10-20
Emalia,Aberhart,Female,eaberhart2y@so-net.ne.jp,264-630-5686,1977-12-30,2019-06-15
Kristo,Hincham,Male,khincham2z@netlog.com,546-754-0818,1985-11-17,2019-12-09
Marthe,Brecken,Female,mbrecken30@bigcartel.com,972-752-5563,1946-11-09,2021-07-18
Corette,Gierke,Female,cgierke31@imdb.com,649-642-2334,1978-08-09,2024-06-08
Micheline,Boyen,Female,mboyen32@fc2.com,948-153-7944,1946-02-18,2019-06-07
Stanislas,Chagg,Male,schagg33@studiopress.com,462-804-1569,1991-03-26,2021-01-25
Mal,Munby,Male,mmunby34@bing.com,846-399-0578,1993-07-21,2020-01-06
Zaccaria,Guillart,Male,zguillart35@nationalgeographic.com,429-923-7982,1990-03-27,2018-02-03
Miof mela,Cornall,Female,mcornall36@live.com,900-612-5997,1942-12-02,2013-11-11
Mikel,Nicklin,Male,mnicklin37@hc360.com,713-804-2559,1941-07-21,2010-11-14
Artie,Widdup,Male,awiddup38@cbc.ca,286-834-8144,1992-12-05,2014-03-12
Alfie,Davydychev,Male,adavydychev39@ca.gov,954-287-9984,1988-07-01,2010-01-10
Hewe,MacIan,Male,hmacian3a@sfgate.com,560-380-8100,1983-10-04,2014-06-12
Miguela,Cutler,Male,mcutler3b@ucoz.ru,890-197-9283,1967-06-27,2012-05-04
Rock,Kerkham,Male,rkerkham3c@list-manage.com,841-528-9017,1961-12-01,2020-01-02
Iggy,Simko,Male,isimko3d@joomla.org,313-338-6647,1960-05-14,2022-09-29
Jackson,Siviter,Female,jsiviter3e@omniture.com,414-737-1426,1983-10-09,2017-12-30
Guendolen,Limpertz,Female,glimpertz3f@newsvine.com,304-771-7013,1943-09-13,2019-10-20
Dal,Courtin,Male,dcourtin3g@sogou.com,432-243-4994,1988-06-12,2011-01-20
Nola,Robeson,Male,nrobeson3h@state.tx.us,278-194-5041,1998-09-18,2011-02-10
Audra,Romushkin,Female,aromushkin3i@virginia.edu,717-971-2147,1997-06-01,2021-06-08
Fionnula,Linnock,Female,flinnock3j@chron.com,200-291-5028,2000-03-18,2018-12-25
Jareb,Blackstone,Male,jblackstone3k@vk.com,726-630-8177,1963-05-11,2010-07-01
Adolf,Kenright,Male,akenright3l@weibo.com,681-881-0240,1971-05-20,2018-04-10
Elberta,Bugge,Female,ebugge3m@tinyurl.com,957-966-2409,1995-06-15,2013-07-31
Brina,Laxson,Female,blaxson3n@thetimes.co.uk,157-278-6521,1988-08-16,2015-07-26
Bellanca,Rapinett,Female,brapinett3o@scribd.com,712-718-5856,1946-12-31,2016-03-11
Patten,Davidde,Male,pdavidde3p@domainmarket.com,755-238-8226,1958-03-11,2020-08-08
Erie,Jamblin,Male,ejamblin3q@independent.co.uk,941-280-6887,1999-10-01,2015-01-02
Nicki,Ruprecht,Female,nruprecht3r@yahoo.com,725-709-7446,1993-03-04,2018-05-17
Darda,Swinyard,Male,dswinyard3s@google.com.hk,686-738-8421,1947-03-09,2011-05-26
Page,Callam,Female,pcallam3t@scientificamerican.com,671-607-9465,1957-12-07,2016-12-03
Rickie,Dubble,Female,rdubble3u@google.co.uk,661-824-9312,1973-07-10,2022-10-01
Manfred,Rawstorne,Male,mrawstorne3v@geocities.com,311-602-4318,1981-03-10,2018-11-01
Cahra,Simeoli,Male,csimeoli3w@lycos.com,665-791-3396,1974-12-01,2014-11-05
Chet,Bottrell,Male,cbottrell3x@upenn.edu,259-278-7260,1956-05-25,2021-07-10
Willey,Raithmill,Male,wraithmill3y@imageshack.us,553-941-4232,1948-07-12,2016-09-24
Mathian,Mc Elory,Male,mmcelory3z@smugmug.com,718-501-2780,1943-03-09,2015-11-04
Deane,Galier,Male,dgalier40@marketwatch.com,668-335-3983,1977-11-29,2013-04-14
Ezechiel,Belsey,Male,ebelsey41@joomla.org,138-289-9601,1963-12-28,2010-03-01
Bird,Sumption,Female,bsumption42@europa.eu,499-355-7589,1943-07-28,2011-06-09
Tucker,Bligh,Male,tbligh43@huffingtonpost.com,572-755-4414,1955-05-08,2016-05-16
Cristiano,Clace,Male,cclace44@bigcartel.com,194-557-5308,1963-06-03,2018-01-03
Xaviera,Twitchett,Female,xtwitchett45@ft.com,144-422-6271,1963-08-23,2024-04-16
Myrvyn,Winram,Male,mwinram46@ucsd.edu,586-456-9642,1997-04-28,2019-03-18
Ginelle,Cucuzza,Female,gcucuzza47@un.org,658-135-7627,1980-05-18,2023-07-02
Elliott,Darlaston,Male,edarlaston48@toplist.cz,126-345-3086,1985-10-11,2018-07-27
Lorry,Spinella,Male,lspinella49@house.gov,507-706-8081,1960-05-08,2023-04-25
Tammie,Martinek,Female,tmartinek4a@aol.com,625-729-5374,1956-08-12,2016-02-10
Berne,Martinovic,Male,bmartinovic4b@xrea.com,130-159-6193,2000-03-08,2015-03-14
Obadias,Pedrielli,Male,opedrielli4c@cafepress.com,595-362-1520,1953-05-09,2024-07-26
Idette,Maysor,Female,imaysor4d@addtoany.com,994-294-2065,1948-05-07,2013-12-14
Gradeigh,Tennet,Male,gtennet4e@amazon.de,975-778-9693,1953-11-13,2024-04-18
Simone,Blakeslee,Male,sblakeslee4f@mtv.com,274-783-9404,1953-05-04,2021-05-16
Nikolia,Abbison,Female,nabbison4g@yahoo.co.jp,328-939-6310,1956-09-21,2013-04-14
Graig,Ugoletti,Male,gugoletti4h@examiner.com,644-976-9178,1970-07-30,2022-01-13
Cyndy,Remon,Female,cremon4i@printfriendly.com,795-691-0214,1956-08-09,2023-09-21
Karlik,Eykel,Male,keykel4j@mlb.com,211-669-5306,1974-06-07,2022-01-09
Roderick,Pollack,Male,rpollack4k@discovery.com,186-541-1174,1946-08-11,2022-07-27
Hillard,Ruck,Male,hruck4l@umn.edu,815-105-1829,1999-10-16,2012-02-21
Moina,Gostridge,Female,mgostridge4m@netlog.com,488-380-5721,1942-08-27,2020-11-16
Marcelline,Basill,Female,mbasill4n@g.co,705-401-0487,1988-09-26,2023-05-27
Byram,Lawler,Male,blawler4o@posterous.com,794-878-3232,1993-05-11,2020-10-30
Laureen,Cattlow,Female,lcattlow4p@rediff.com,959-745-3551,1990-07-22,2017-03-27
Audre,Doumerque,Female,adoumerque4q@wikispaces.com,866-745-6753,1986-12-06,2011-09-21
Perla,Dafter,Female,pdafter4r@bing.com,711-829-2565,1997-10-10,2022-05-02
Cher,Sewell,Female,csewell4s@mlb.com,454-703-2149,1983-05-08,2013-01-15
Rosetta,Aim,Female,raim4t@umn.edu,343-652-7790,1943-10-13,2015-12-18
Kort,Humblestone,Male,khumblestone4u@slashdot.org,721-126-4258,1959-07-20,2013-10-20
Caria,Eddoes,Female,ceddoes4v@drupal.org,205-751-3457,1971-10-16,2012-05-12
Veronika,Sidebotton,Female,vsidebotton4w@privacy.gov.au,833-923-8066,1971-03-26,2017-06-22
Robin,Pugh,Female,rpugh4x@usda.gov,959-420-2429,1954-09-15,2016-09-28
Lynett,McAvin,Female,lmcavin4y@cocolog-nifty.com,175-519-9908,1967-01-10,2010-08-03
Ambrosio,Garey,Male,agarey4z@t.co,865-827-0189,1959-03-26,2015-05-24
Gwenora,Solon,Female,gsolon50@ted.com,568-836-3119,1986-12-24,2020-05-20
Ebony,Danat,Female,edanat51@yandex.ru,629-288-8544,1982-11-29,2010-04-21
Rici,Sanderson,Female,rsanderson52@sakura.ne.jp,279-340-3900,1989-02-11,2021-10-07
Mathew,Banes,Male,mbanes53@scientificamerican.com,855-528-6521,1993-05-21,2013-01-01
Toiboid,Nafzger,Male,tnafzger54@plala.or.jp,442-777-3536,1965-12-19,2016-07-03
Rorke,O'Shirine,Male,roshirine55@dot.gov,833-483-2006,1949-01-11,2010-04-22
Teresa,Pogue,Female,tpogue56@freewebs.com,898-362-3861,1958-11-08,2017-01-24
Justen,Collop,Male,jcollop57@slate.com,938-186-5272,1989-11-18,2014-02-04
Martyn,Tesimon,Male,mtesimon58@github.com,833-487-6642,1979-04-13,2011-10-17
Tobias,Starten,Male,tstarten59@rediff.com,182-331-7880,1973-04-21,2018-02-15
Ramon,Eames,Male,reames5a@behance.net,886-638-5945,1993-05-14,2021-06-10
Joana,Le Marchant,Female,jlemarchant5b@yolasite.com,564-998-7411,1985-01-11,2023-12-12
Netti,Deabill,Female,ndeabill5c@narod.ru,601-515-5333,1971-02-22,2018-12-12
Gabriel,Jackson,Male,gjackson5d@nifty.com,771-901-0279,1958-01-03,2012-03-06
Hanna,Goodlife,Female,hgoodlife5e@abc.net.au,494-139-4075,1989-07-03,2017-07-16
Carla,Blowing,Female,cblowing5f@china.com.cn,642-694-2449,1944-02-13,2010-10-06
Artemis,Fruish,Male,afruish5g@dot.gov,631-674-2085,2000-02-19,2020-10-30
Earvin,Lowdwell,Male,elowdwell5h@nhs.uk,172-127-4400,1972-06-25,2013-10-02
Teodor,Matiebe,Male,tmatiebe5i@boston.com,256-173-3232,1981-01-15,2023-05-22
Shawn,Twede,Female,stwede5j@bloglines.com,927-919-9034,2000-05-10,2017-10-30
Beverly,Attew,Female,battew5k@springer.com,660-717-3039,1969-09-04,2016-03-04
Dulcinea,Brabban,Male,dbrabban5l@phoca.cz,417-317-9119,1975-01-20,2010-03-11
Bryce,Oddy,Male,boddy5m@discovery.com,973-665-5864,1977-12-25,2018-10-14
Davis,Hubbold,Male,dhubbold5n@spotify.com,980-110-3257,1999-02-14,2014-01-18
Ag,McCreery,Female,amccreery5o@biblegateway.com,230-400-9618,1948-07-16,2012-04-06
Klarrisa,Arnefield,Female,karnefield5p@bing.com,223-339-6786,1955-09-23,2011-09-02
Pamelina,Cathcart,Female,pcathcart5q@ox.ac.uk,591-235-8543,1993-11-04,2020-09-27
Melvin,Bestar,Male,mbestar5r@tripadvisor.com,560-491-4474,1952-06-16,2023-02-24
Gualterio,Bogaert,Male,gbogaert5s@ucla.edu,838-827-3629,1986-01-22,2011-08-15
Meryl,Rea,Female,mrea5t@chron.com,817-944-3148,1997-02-28,2014-03-31
Nicolis,Ducaen,Male,nducaen5u@japanpost.jp,376-595-2750,1991-03-20,2019-06-04
Inesita,Osmint,Female,iosmint5v@vkontakte.ru,580-246-4471,1978-03-26,2010-03-05
Corabel,Andriesse,Female,candriesse5w@accuweather.com,396-746-9516,1976-04-08,2016-10-12
Dill,Loraine,Male,dloraine5x@hugedomains.com,596-836-7782,1973-07-31,2022-03-27
Teodoro,Curneen,Male,tcurneen5y@un.org,830-300-9676,1975-01-10,2014-10-14
Joelle,Lakeland,Female,jlakeland5z@ed.gov,230-323-4260,1987-12-17,2023-05-30
Booth,Tollow,Male,btollow60@google.es,511-380-9281,1984-01-07,2022-06-20
Chrystal,McGrey,Male,cmcgrey61@goo.ne.jp,305-698-5674,1997-11-06,2012-11-26
Giffer,Mifflin,Male,gmifflin62@mayoclinic.com,378-195-2598,1946-07-07,2020-01-04
Zita,Bohman,Female,zbohman63@uol.com.br,573-562-8251,1969-01-03,2022-09-20
Duke,McKinney,Male,dmckinney64@latimes.com,407-291-2655,1996-04-26,2013-11-10
Charlene,Farens,Female,cfarens65@aboutads.info,913-117-5013,1953-03-12,2015-02-14
Woodie,Ponting,Male,wponting66@last.fm,871-782-9596,1992-10-10,2024-07-20
Xena,Whaley,Female,xwhaley67@howstuffworks.com,397-441-3575,1991-03-24,2022-10-27
Rutherford,Kinsman,Male,rkinsman68@twitter.com,782-367-5921,1998-02-23,2019-05-01
Tull,Ellsbury,Male,tellsbury69@ft.com,942-485-2085,1971-09-15,2020-03-30
Melisent,Arthurs,Female,marthurs6a@dropbox.com,985-369-2689,1955-12-26,2011-01-06
Peter,Snowsill,Male,psnowsill6b@microsoft.com,805-790-8122,1977-06-12,2022-04-14
Lombard,Prazor,Male,lprazor6c@gravatar.com,388-432-6711,1995-10-20,2016-04-17
Clemence,Penniell,Female,cpenniell6d@alexa.com,859-205-0105,1969-12-23,2010-11-24
Guinna,Pilmore,Female,gpilmore6e@ted.com,987-478-7626,1975-07-10,2024-03-11
Valentine,Joscelyn,Female,vjoscelyn6f@google.co.uk,562-602-8376,1970-07-11,2017-11-01
Heddie,Shoobridge,Female,hshoobridge6g@nifty.com,634-582-1067,1998-09-10,2024-12-30
Patti,Bruniges,Female,pbruniges6h@linkedin.com,625-242-1669,1981-11-14,2015-12-17
Rutherford,Steffens,Male,rsteffens6i@accuweather.com,290-316-0795,1965-10-04,2019-09-28
Helen,Fynes,Female,hfynes6j@ucoz.ru,317-111-3868,1986-08-06,2023-11-12
Lana,Greenley,Female,lgreenley6k@engadget.com,556-185-5100,1970-05-25,2015-03-25
Rani,Crowdace,Female,rcrowdace6l@myspace.com,663-254-8790,1950-12-06,2021-04-30
Rodger,Conaghy,Male,rconaghy6m@parallels.com,679-569-2684,1980-07-12,2019-09-24
Ephrem,Vigar,Male,evigar6n@bizjournals.com,544-844-5628,1961-03-03,2018-01-07
Bruce,Freen,Male,bfreen6o@symantec.com,493-151-8767,1952-07-11,2013-10-15
Boyce,Lauchlan,Male,blauchlan6p@squidoo.com,543-922-8237,1973-05-29,2013-08-04
Garvin,Hempshall,Male,ghempshall6q@over-blog.com,599-792-9438,1995-06-15,2015-02-02
Lavinia,Kench,Female,lkench6r@etsy.com,813-867-4277,1999-04-13,2023-04-25
Lemmie,Peirce,Male,lpeirce6s@slashdot.org,901-264-2793,1944-10-01,2023-04-12
Shela,Michelotti,Female,smichelotti6t@blogspot.com,665-535-2026,1971-09-18,2021-03-17
Elka,McGebenay,Female,emcgebenay6u@biblegateway.com,585-471-5704,1944-07-21,2015-02-13
Lyndel,Husher,Female,lhusher6v@google.ca,838-367-5995,1961-06-18,2020-04-14
Jereme,Pipe,Male,jpipe6w@jigsy.com,507-129-2768,1983-10-08,2014-08-17
Missy,Chancellor,Female,mchancellor6x@comcast.net,358-687-7476,1964-01-24,2021-05-12
Meyer,Rate,Male,mrate6y@marriott.com,563-755-7226,1993-05-28,2023-02-08
Dyanna,O'Loinn,Female,doloinn6z@dedecms.com,147-414-5739,1980-03-12,2015-11-01
Joly,Wateridge,Female,jwateridge70@meetup.com,261-653-2249,1986-07-29,2022-10-14
Mandel,Langstone,Male,mlangstone71@phoca.cz,292-728-5899,1966-02-08,2021-10-27
Hale,Zappel,Male,hzappel72@discovery.com,327-400-8529,2001-06-02,2020-07-27
Jess,Stennings,Male,jstennings73@gnu.org,880-445-3975,1957-05-19,2013-10-30
Trista,Sommerled,Female,tsommerled74@oaic.gov.au,482-627-7721,1958-01-24,2012-04-30
Adda,Jozefczak,Female,ajozefczak75@mysql.com,381-219-4856,1971-03-10,2011-05-09
Reginald,Edyson,Male,redyson76@studiopress.com,932-806-8467,1955-05-08,2011-04-02
Ros,Lodge,Female,rlodge77@facebook.com,702-150-8785,1998-03-26,2021-07-03
Dewain,Woodings,Male,dwoodings78@unc.edu,137-351-3841,2001-01-10,2010-12-18
Bronson,Joesbury,Male,bjoesbury79@acquirethisname.com,497-694-7320,1974-07-13,2013-04-18
Lilllie,Dominey,Male,ldominey7a@lulu.com,954-608-4212,1983-04-21,2017-11-05
Julius,Trustrie,Male,jtrustrie7b@macromedia.com,690-612-0200,1961-07-13,2020-10-18
Lottie,Barnett,Female,lbarnett7c@utexas.edu,214-579-1357,1961-10-22,2013-08-29
Gustavus,Rustidge,Male,grustidge7d@yale.edu,318-261-1864,1972-01-19,2021-05-07
Broderic,Dungay,Male,bdungay7e@creativecommons.org,164-267-3358,1986-11-27,2010-08-16
Brittney,Godbold,Female,bgodbold7f@com.com,775-471-2989,1953-04-29,2010-03-21
Cosimo,Perot,Male,cperot7g@zimbio.com,979-272-3374,2000-03-26,2016-10-17
Kirsten,Karpushkin,Female,kkarpushkin7h@nationalgeographic.com,977-193-5351,1973-03-01,2017-07-18
Helyn,Tomlinson,Female,htomlinson7i@vistaprint.com,783-709-8599,2000-09-15,2012-06-13
Cyb,Lorek,Female,clorek7j@hhs.gov,124-818-1341,1993-11-22,2019-05-17
Constantino,Vynoll,Male,cvynoll7k@tripod.com,437-878-3141,1973-02-24,2017-05-18
Carmel,Tax,Female,ctax7l@mlb.com,173-411-8679,1970-05-31,2016-10-05
Hadria,Bugdall,Female,hbugdall7m@thetimes.co.uk,973-101-2784,1975-11-29,2020-09-02
Nolan,Petracchi,Male,npetracchi7n@fda.gov,733-633-7468,1950-11-22,2015-11-04
Oren,Cisneros,Male,ocisneros7o@miibeian.gov.cn,236-510-5884,1948-03-19,2023-08-02
Minette,Matthews,Female,mmatthews7p@icio.us,591-683-4394,1977-04-26,2013-02-18
Micheil,Glasscott,Male,mglasscott7q@paypal.com,485-674-2438,1954-05-07,2024-06-12
Garwin,Woollin,Male,gwoollin7r@webmd.com,578-203-8314,1977-07-31,2010-04-02
Dore,Fayne,Female,dfayne7s@hhs.gov,613-681-0815,1984-06-25,2017-03-14
Babbie,Dalla,Female,bdalla7t@facebook.com,672-179-7409,1982-09-16,2019-12-06
Fernandina,MacLeese,Female,fmacleese7u@globo.com,379-278-3401,1964-05-11,2011-03-13
Maia,Carlino,Female,mcarlino7v@loc.gov,932-364-1852,1955-04-23,2015-01-06
Mohammed,Tomeo,Male,mtomeo7w@biglobe.ne.jp,134-188-6079,1999-10-17,2020-11-07
Reuven,Donahue,Male,rdonahue7x@addtoany.com,115-813-9214,1982-06-23,2023-05-11
Casey,Dimitriades,Male,cdimitriades7y@linkedin.com,622-909-8264,1988-05-28,2024-06-09
Leyla,Carek,Female,lcarek7z@ibm.com,709-818-1632,1970-11-27,2020-07-07
Caitrin,Pittendreigh,Female,cpittendreigh80@ycombinator.com,647-101-7255,1952-06-23,2012-05-20
Amargo,Willers,Female,awillers81@printfriendly.com,858-465-3190,1941-10-16,2018-02-24
Georgi,Orchart,Male,gorchart82@tamu.edu,539-938-6905,1961-04-06,2017-10-15
Ray,Hyndson,Male,rhyndson83@techcrunch.com,603-239-6696,2000-05-01,2023-04-09
Rachele,Tregien,Female,rtregien84@barnesandnoble.com,958-278-2958,1963-02-18,2017-05-25
Angelico,Hailes,Male,ahailes85@hostgator.com,785-679-7807,1979-04-24,2012-07-24
Vachel,Darracott,Male,vdarracott86@nbcnews.com,774-573-4166,1941-07-12,2010-08-18
Elwyn,Baldacchi,Male,ebaldacchi87@ycombinator.com,943-812-3231,1962-06-19,2024-05-05
Gabriel,Markel,Female,gmarkel88@go.com,472-232-2057,1977-10-19,2014-04-13
Valdemar,Gladwell,Male,vgladwell89@cmu.edu,875-718-1504,1979-04-20,2017-06-05
Mile,Tomadoni,Male,mtomadoni8a@opensource.org,415-388-1646,1955-05-10,2023-10-30
Esra,Bonnor,Male,ebonnor8b@sbwire.com,277-457-0585,1984-09-15,2017-11-24
Adelina,Sevitt,Male,asevitt8c@woothemes.com,273-570-7006,1990-12-10,2024-04-29
Israel,Colter,Male,icolter8d@bloglines.com,333-856-0688,1989-08-31,2024-01-01
Lynnett,Euesden,Female,leuesden8e@princeton.edu,863-907-0968,1996-07-16,2019-03-20
Barbie,Breache,Male,bbreache8f@jalbum.net,900-168-2061,1984-03-01,2012-12-25
Charles,Klaessen,Male,cklaessen8g@dailymail.co.uk,169-742-7783,1957-10-06,2019-09-02
Dunn,Biddwell,Male,dbiddwell8h@dropbox.com,146-404-2644,1965-03-18,2022-09-24
Binny,Shitliff,Female,bshitliff8i@diigo.com,645-733-7465,2000-07-26,2018-04-01
Seth,Leavey,Male,sleavey8j@nydailynews.com,299-343-2231,1993-12-05,2014-03-28
Tailor,Champness,Male,tchampness8k@goo.gl,987-548-9888,1977-02-24,2012-11-07
Maurits,Dewes,Male,mdewes8l@netvibes.com,955-624-1464,1973-06-04,2024-07-29
Sonny,Goosnell,Male,sgoosnell8m@cbslocal.com,738-574-3401,1967-05-07,2019-03-08
Yuma,Prewett,Male,yprewett8n@ted.com,399-890-2212,1950-05-25,2019-03-28
Corny,Lubbock,Male,clubbock8o@behance.net,348-876-3703,1977-03-07,2012-01-18
Emmanuel,Longrigg,Male,elongrigg8p@abc.net.au,614-339-6577,1996-08-07,2012-08-26
Karolina,Stratton,Female,kstratton8q@springer.com,111-927-3071,1966-02-24,2020-08-10
Katrine,Tinniswood,Female,ktinniswood8r@odnoklassniki.ru,808-135-5918,1972-10-16,2021-05-13
Pen,Rake,Male,prake8s@ucla.edu,342-663-6459,1998-02-17,2014-07-27
Yettie,Osmar,Female,yosmar8t@sun.com,831-579-3463,1962-09-16,2022-05-12
Meridith,Aymes,Female,maymes8u@paginegialle.it,752-290-9545,1962-04-27,2016-01-12
Luelle,Rock,Female,lrock8v@weebly.com,865-305-0635,1978-05-15,2019-05-20
Othella,Heaps,Female,oheaps8w@independent.co.uk,169-254-1185,1970-02-11,2010-05-15
Fanchon,Somerled,Female,fsomerled8x@hibu.com,707-980-6308,1993-10-31,2018-03-16
Joelle,Elmer,Female,jelmer8y@tmall.com,145-655-5643,1974-05-07,2016-12-29
Kalli,Woodyatt,Female,kwoodyatt8z@mlb.com,269-765-6084,1989-06-30,2018-05-13
Alford,Engelbrecht,Male,aengelbrecht90@sun.com,572-925-9755,1994-10-21,2014-10-16
Zane,Pocock,Male,zpocock91@diigo.com,510-670-2405,1945-09-30,2012-10-14
Porty,Ilett,Male,pilett92@shop-pro.jp,765-278-9669,2000-12-11,2016-05-13
Vale,Skea,Male,vskea93@npr.org,600-384-1007,1947-05-03,2016-04-16
Gaye,Tellett,Female,gtellett94@ca.gov,971-956-0077,2001-06-23,2022-09-30
Hasty,Adkin,Male,hadkin95@typepad.com,270-335-8616,1959-08-29,2011-03-05
Nicol,Twinborough,Male,ntwinborough96@wikimedia.org,257-325-7750,1967-06-08,2016-09-18
Lucille,Starking,Male,lstarking97@oaic.gov.au,566-687-5930,1998-10-12,2016-12-08
Renaud,Tregale,Male,rtregale98@scientificamerican.com,672-765-5815,1969-10-25,2012-01-21
Fredrick,Pinches,Male,fpinches99@wikispaces.com,658-267-7999,1960-10-20,2024-01-31
Felipa,Bowman,Male,fbowman9a@spotify.com,769-465-4443,1949-09-29,2023-09-15
Rafa,Struthers,Female,rstruthers9b@histats.com,475-445-8095,1950-06-03,2019-05-17
Samson,Humerstone,Male,shumerstone9c@imgur.com,933-418-4681,1943-01-21,2013-11-11
Camilla,Broxap,Male,cbroxap9d@un.org,564-658-1082,1981-12-23,2011-06-01
Cyrille,Cowden,Male,ccowden9e@vinaora.com,727-842-4040,1956-03-20,2020-08-21
Yelena,Bolam,Female,ybolam9f@imdb.com,247-230-2063,1964-02-26,2017-09-06
Fay,Cockshutt,Male,fcockshutt9g@unesco.org,428-619-4860,1942-12-18,2014-08-04
Marge,Tinsey,Female,mtinsey9h@booking.com,666-633-3329,1994-11-09,2022-02-15
Charmion,Konmann,Female,ckonmann9i@shinystat.com,503-982-1717,1961-05-23,2019-09-06
Angus,Monier,Male,amonier9j@de.vu,863-658-9556,1998-10-19,2010-01-28
Robbie,Medmore,Male,rmedmore9k@nbcnews.com,905-738-1706,1988-03-09,2010-06-06
Melessa,Sidon,Female,msidon9l@vistaprint.com,194-551-0820,1964-04-12,2021-10-30
Meridel,Hiddsley,Female,mhiddsley9m@illinois.edu,103-650-7401,1959-07-16,2016-03-14
Clint,Bromfield,Male,cbromfield9n@infoseek.co.jp,626-304-2669,1948-12-19,2017-10-01
Jackie,MacPhail,Female,jmacphail9o@techcrunch.com,587-681-6141,1942-12-19,2023-10-26
Hurley,Friedman,Male,hfriedman9p@vk.com,588-342-8966,1945-01-28,2022-10-15
Carmelina,Myhill,Male,cmyhill9q@imageshack.us,468-716-6987,1958-06-22,2013-10-02
Marthe,Ferby,Female,mferby9r@fda.gov,211-248-3829,1946-03-20,2023-01-11
Alis,Runacres,Female,arunacres9s@samsung.com,842-751-2547,1968-07-09,2014-02-23
Pegeen,Kelwaybamber,Female,pkelwaybamber9t@virginia.edu,570-644-7051,1943-08-11,2017-09-08
Johnette,Burgise,Male,jburgise9u@pagesperso-orange.fr,108-711-5511,1942-03-21,2015-12-18
Sanford,Runge,Male,srunge9v@printfriendly.com,957-459-9731,1985-06-23,2015-07-16
Jewel,Devereux,Female,jdevereux9w@hibu.com,730-558-8106,1957-01-10,2021-11-06
Ilyse,Le Marquand,Female,ilemarquand9x@github.com,602-224-5099,1973-03-06,2012-07-24
Kassi,Kryszka,Female,kkryszka9y@intel.com,907-597-7948,1986-05-13,2013-12-06
Goldia,Buterton,Female,gbuterton9z@bloglines.com,192-828-7212,1958-05-16,2017-07-18
Octavia,Nano,Female,onanoa0@alibaba.com,847-719-8284,1957-04-25,2020-09-07
Mona,Truin,Female,mtruina1@abc.net.au,988-150-0634,1967-02-04,2016-09-18
Arlyne,Rookledge,Female,arookledgea2@google.nl,609-782-2703,1941-08-04,2011-12-17
Ester,Tombling,Male,etomblinga3@indiatimes.com,408-256-3342,1943-06-07,2019-05-24
Correy,MacCallum,Male,cmaccalluma4@etsy.com,989-483-8340,1955-08-22,2015-08-18
Loise,Rentilll,Female,lrentillla5@merriam-webster.com,935-928-7227,1981-12-31,2018-10-12
Lonnard,Allott,Male,lallotta6@aboutads.info,275-901-6051,1962-09-28,2010-09-22
Cissy,Scholard,Female,cscholarda7@oracle.com,231-196-5982,1982-12-27,2016-12-06
Sharia,Litchfield,Female,slitchfielda8@shutterfly.com,904-137-2522,1994-09-21,2010-07-02
Gene,Klezmski,Male,gklezmskia9@myspace.com,328-474-3974,1989-10-05,2015-09-16
Esta,Humes,Female,ehumesaa@cafepress.com,922-718-8015,1956-10-21,2010-09-15
Anni,Espley,Female,aespleyab@answers.com,218-810-9823,1992-03-10,2023-11-15
Jaquith,Mabbitt,Male,jmabbittac@mediafire.com,277-287-1617,2000-11-24,2013-12-11
Derward,Frood,Male,dfroodad@scribd.com,397-917-7695,1950-09-07,2020-05-15
Tedie,MacCartan,Male,tmaccartanae@cbc.ca,802-556-9504,1997-10-26,2019-07-16
Luigi,Fletcher,Male,lfletcheraf@diigo.com,495-336-5201,1999-10-24,2021-11-14
Judy,Hindenberger,Female,jhindenbergerag@wsj.com,742-706-7851,1950-03-07,2010-01-20
Tate,Stitwell,Male,tstitwellah@a8.net,201-302-3339,1965-08-02,2020-01-08
Ignatius,Cornewell,Male,icornewellai@mapy.cz,705-199-3279,1981-08-15,2011-02-16
Peg,Beller,Female,pbelleraj@drupal.org,604-561-3934,1956-07-17,2022-01-19
Avrit,Lacelett,Female,alacelettak@multiply.com,753-989-8383,1977-12-20,2014-03-19
Gerda,Haskell,Male,ghaskellal@angelfire.com,401-986-3298,1945-08-26,2013-06-03
Shela,Banishevitz,Female,sbanishevitzam@purevolume.com,795-336-6016,1947-05-31,2022-07-13
Sophia,Mapston,Female,smapstonan@oaic.gov.au,471-931-3031,1978-03-23,2022-02-20
Denys,Crosetto,Male,dcrosettoao@usa.gov,679-484-4583,1947-09-08,2018-11-07
Gasper,Twidell,Male,gtwidellap@nps.gov,936-764-8489,1996-01-27,2014-03-30
Perceval,Clapshaw,Male,pclapshawaq@springer.com,562-600-4623,1941-05-24,2015-06-09
Brook,Licciardiello,Male,blicciardielloar@elpais.com,810-514-5080,1943-04-30,2016-10-13
Kiel,Simonelli,Male,ksimonellias@ucoz.ru,451-276-2155,1959-09-02,2017-09-16
Tommy,Bridie,Male,tbridieat@addthis.com,142-232-2082,1951-03-29,2017-10-15
Tyrus,Quaintance,Male,tquaintanceau@soup.io,489-400-3089,1991-01-15,2020-08-25
Clevey,Wrefford,Male,cwreffordav@utexas.edu,500-962-5067,1947-11-21,2020-01-21
Noble,Paolozzi,Male,npaolozziaw@japanpost.jp,228-301-4799,1976-01-22,2018-11-22
Filip,Cathery,Male,fcatheryax@mozilla.org,660-251-1262,1982-05-09,2016-01-15
Orrin,Sheeran,Male,osheeranay@ucla.edu,862-482-7668,1989-03-26,2021-08-20
Jsandye,MacKenney,Female,jmackenneyaz@bandcamp.com,308-946-0053,1971-12-03,2019-04-16
Abel,Ginnally,Male,aginnallyb0@histats.com,841-354-5795,1979-04-14,2018-04-19
Shamus,Connow,Male,sconnowb1@accuweather.com,584-865-0761,1959-06-12,2014-12-07
Halimeda,Sandwick,Female,hsandwickb2@unblog.fr,179-889-6392,1999-07-01,2017-09-01
Dorella,Ovitz,Female,dovitzb3@vkontakte.ru,529-436-5575,1997-11-23,2014-05-04
Maudie,Snowling,Male,msnowlingb4@printfriendly.com,560-982-0852,1962-01-08,2017-01-19
Nikita,Bumphries,Male,nbumphriesb5@acquirethisname.com,130-137-0279,1944-11-03,2014-01-12
Claudius,Tomaschke,Female,ctomaschkeb6@narod.ru,341-495-4283,1958-05-24,2015-05-09
Judy,Woolaghan,Female,jwoolaghanb7@springer.com,598-375-6806,1983-04-20,2023-11-15
Esdras,Baytrop,Male,ebaytropb8@xinhuanet.com,928-938-7196,1951-12-28,2020-08-11
Betteanne,Dudhill,Female,bdudhillb9@hao123.com,758-548-5492,1961-10-03,2013-09-16
Berkeley,Van,Male,bvanba@4shared.com,109-709-2048,1951-04-24,2014-09-02
Mariquilla,Glading,Female,mgladingbb@cyberchimps.com,571-145-2330,1988-05-06,2018-08-10
Rodolphe,Pauwel,Male,rpauwelbc@sohu.com,220-109-8627,1971-02-17,2012-04-03
Flem,Greenmon,Male,fgreenmonbd@infoseek.co.jp,407-230-8451,1974-07-03,2010-05-01
Jobi,Haskins,Female,jhaskinsbe@accuweather.com,656-373-7853,1943-10-02,2018-02-12
Renate,Traice,Female,rtraicebf@histats.com,247-255-9572,1979-10-26,2023-08-13
Tomas,Bodell,Male,tbodellbg@vistaprint.com,642-921-2483,1963-05-13,2017-02-11
Cahra,Cudbird,Female,ccudbirdbh@google.de,377-503-7896,1943-02-24,2019-09-17
Dagmar,Hallgalley,Female,dhallgalleybi@irs.gov,615-499-8651,1967-08-24,2010-07-13
Allister,Woodyer,Male,awoodyerbj@topsy.com,327-214-8888,1957-08-02,2020-11-16
Natalie,Yurov,Female,nyurovbk@zdnet.com,184-729-7162,1944-09-28,2013-02-08
Charmion,Ellins,Female,cellinsbl@hatena.ne.jp,542-648-6823,1948-09-23,2010-09-14
Simmonds,De Bellis,Male,sdebellisbm@elpais.com,750-942-8688,1941-06-26,2011-07-15
Grethel,Winley,Female,gwinleybn@businessweek.com,501-565-4018,1968-04-08,2013-10-01
Florri,Stannislawski,Male,fstannislawskibo@icq.com,212-995-1535,1946-07-03,2013-02-27
Livvyy,Clair,Female,lclairbp@imdb.com,392-307-7591,1983-12-24,2017-03-28
Pat,Simnor,Male,psimnorbq@china.com.cn,244-245-9604,1999-12-12,2020-10-24
Revkah,Astle,Female,rastlebr@google.ca,833-128-6317,1955-06-10,2015-04-14
Bronson,McGarrity,Male,bmcgarritybs@harvard.edu,514-289-1004,1958-11-04,2022-03-04
Lorrie,Hanretty,Female,lhanrettybt@theglobeandmail.com,978-157-8481,1959-09-23,2010-04-11
Hersch,Geistbeck,Male,hgeistbeckbu@vimeo.com,933-909-5748,1968-03-03,2024-11-22
Manolo,Barks,Male,mbarksbv@microsoft.com,600-895-5445,1954-09-07,2023-08-29
Frants,Pregel,Male,fpregelbw@phpbb.com,191-976-9291,1946-02-26,2011-04-30
Violante,Capstaff,Female,vcapstaffbx@imageshack.us,516-510-0708,1961-09-02,2010-09-22
Man,Swiffin,Male,mswiffinby@alibaba.com,592-947-3217,1956-02-09,2017-01-21
Jena,Ellen,Female,jellenbz@techcrunch.com,893-285-3324,1984-05-18,2019-01-10
Joel,Bonnell,Male,jbonnellc0@ovh.net,804-376-3406,1991-08-18,2010-11-26
Joyous,Richardot,Female,jrichardotc1@sciencedaily.com,883-859-7877,1968-05-25,2023-05-01
Siegfried,Dadley,Male,sdadleyc2@google.com.hk,311-952-2682,1966-12-16,2019-03-08
Ava,Santostefano.,Female,asantostefanoc3@aboutads.info,584-328-6210,1983-09-24,2022-10-27
Marne,Sabater,Female,msabaterc4@weibo.com,383-639-2988,1994-07-27,2021-01-24
Hermann,St Pierre,Male,hstpierrec5@icio.us,881-836-3254,1944-07-17,2021-01-31
Andrea,Feasley,Female,afeasleyc6@wunderground.com,225-721-6087,1951-03-27,2015-03-01
Trudi,Berthot,Female,tberthotc7@nsw.gov.au,674-635-3897,1966-10-09,2018-06-17
Miof mela,Kenway,Female,mkenwayc8@geocities.jp,595-487-7607,2000-06-17,2021-01-01
Lorette,Lindenblatt,Female,llindenblattc9@statcounter.com,732-420-3844,1960-02-24,2022-08-21
Benson,Keppie,Male,bkeppieca@hugedomains.com,702-769-3633,1952-10-26,2019-07-23
Lizette,Henrionot,Female,lhenrionotcb@aol.com,729-908-7278,1954-10-13,2014-12-06
Samuele,Tompkins,Male,stompkinscc@vimeo.com,561-536-5334,1996-03-29,2010-12-11
Giraldo,Barfield,Male,gbarfieldcd@cam.ac.uk,174-672-6609,1975-12-03,2022-10-13
Faith,Mustill,Female,fmustillce@ebay.co.uk,304-439-8110,1997-12-28,2017-01-06
Kathy,Margaritelli,Female,kmargaritellicf@cocolog-nifty.com,143-795-0613,1952-12-13,2020-12-09
Andrew,Schriren,Male,aschrirencg@wunderground.com,315-660-6688,1968-12-29,2011-12-05
Sal,Frarey,Male,sfrareych@fc2.com,185-682-7213,1987-10-20,2014-05-09
Lane,O'Donovan,Female,lodonovanci@360.cn,542-892-2219,1983-03-31,2024-07-21
Isaiah,Starsmeare,Male,istarsmearecj@blogspot.com,976-303-6799,1977-03-24,2023-11-27
Marissa,Poveleye,Male,mpoveleyeck@google.de,985-701-0696,1998-04-05,2022-10-07
Rossie,Baudon,Male,rbaudoncl@fastcompany.com,300-493-0097,1982-06-01,2023-07-16
Charles,Jozaitis,Male,cjozaitiscm@phoca.cz,875-655-5448,1971-06-06,2014-10-05
Tore,Malia,Male,tmaliacn@nps.gov,481-420-2527,1968-11-14,2015-12-11
Maude,Willcocks,Female,mwillcocksco@shop-pro.jp,316-855-6070,1942-10-05,2018-02-10
Duke,Casserly,Male,dcasserlycp@abc.net.au,533-165-7478,1989-11-27,2020-12-29
Tatiania,Stainbridge,Female,tstainbridgecq@printfriendly.com,653-646-8909,1992-05-25,2019-07-19
Constancia,Prosek,Female,cprosekcr@fema.gov,279-101-9723,1983-06-14,2023-07-24
Beryl,Saice,Male,bsaicecs@hostgator.com,340-962-8601,1963-05-20,2017-01-12
Kahaleel,Jaszczak,Male,kjaszczakct@photobucket.com,741-873-4154,1979-11-13,2021-08-22
Dewey,Keppy,Male,dkeppycu@desdev.cn,136-233-8039,1971-05-31,2021-01-29
Adda,Jiroudek,Female,ajiroudekcv@lycos.com,341-796-2959,1955-05-03,2024-04-28
Marylinda,Leer,Female,mleercw@marketwatch.com,452-273-7695,1963-12-08,2020-07-15
Bay,Dyshart,Male,bdyshartcx@walmart.com,650-920-2482,1966-02-28,2020-02-11
Bogey,Morgue,Male,bmorguecy@networksolutions.com,694-648-8392,1983-01-02,2022-11-22
Nicki,Auger,Female,naugercz@ed.gov,478-176-2571,1987-03-14,2022-06-03
Tabby,Bowles,Female,tbowlesd0@last.fm,166-605-8549,1956-08-10,2019-06-23
Vince,Skoof,Male,vskoofd1@i2i.jp,912-801-1842,1983-02-15,2010-04-02
Griffie,Folder,Male,gfolderd2@odnoklassniki.ru,302-409-8226,1971-07-03,2011-11-17
Hamil,Clace,Male,hclaced3@squarespace.com,151-828-5612,1958-12-29,2020-12-31
Briant,Easter,Male,beasterd4@unicef.org,907-478-9200,1965-10-07,2011-07-28
Lyn,Miskelly,Male,lmiskellyd5@accuweather.com,815-830-3415,1980-11-29,2017-04-03
Trista,Hoy,Female,thoyd6@myspace.com,145-466-8336,1959-09-04,2013-01-16
Lesly,Chettoe,Male,lchettoed7@mtv.com,314-929-3040,2001-05-28,2014-12-08
Herb,Whanstall,Female,hwhanstalld8@360.cn,410-809-2907,1961-04-04,2022-09-23
Amandy,Sidgwick,Female,asidgwickd9@google.pl,904-450-0644,1957-06-24,2022-10-29
Lemmie,Fakeley,Male,lfakeleyda@usatoday.com,945-864-1786,1948-01-20,2014-09-01
Willi,Wetherburn,Female,wwetherburndb@va.gov,434-255-2609,1995-06-25,2010-02-05
Cullan,Catonne,Female,ccatonnedc@t.co,520-574-7869,1955-12-12,2023-07-21
Moe,Lemm,Male,mlemmdd@apple.com,428-498-3372,1982-12-05,2021-11-01
Bobbi,Gregori,Female,bgregoride@mysql.com,788-875-6968,1992-04-07,2018-03-28
Jehu,Bareham,Male,jbarehamdf@mail.ru,568-202-4342,1997-09-13,2013-10-07
Gustaf,Smoote,Male,gsmootedg@google.co.jp,165-522-4926,1952-08-04,2022-09-17
Niel,Trobe,Male,ntrobedh@telegraph.co.uk,144-239-8859,1996-08-05,2018-10-29
Herbert,Bennellick,Male,hbennellickdi@jimdo.com,939-800-0068,1966-12-06,2016-07-25
Brittni,Meneghi,Female,bmeneghidj@princeton.edu,726-432-6538,1990-05-22,2011-03-21
Kimball,Itzkovwitch,Male,kitzkovwitchdk@usda.gov,610-814-9871,1942-01-10,2022-03-20
Hayward,Dagg,Male,hdaggdl@edublogs.org,918-637-9631,1977-04-06,2014-02-28
Staford,Mitcheson,Male,smitchesondm@newyorker.com,695-248-8465,1954-01-15,2022-06-26
Antoni,Merryfield,Male,amerryfielddn@cocolog-nifty.com,570-722-6046,1972-06-11,2013-06-25
Granny,Bragger,Male,gbraggerdo@europa.eu,103-553-4315,1951-03-12,2014-05-01
Brynn,Hoyles,Female,bhoylesdp@seesaa.net,630-673-1290,1990-08-18,2019-02-04
Kirby,Jakubovski,Female,kjakubovskidq@jigsy.com,395-443-9707,1968-05-01,2022-01-04
Charmian,Ilchenko,Female,cilchenkodr@last.fm,326-356-2340,1963-01-05,2021-12-28
Sawyere,Butterwick,Male,sbutterwickds@indiegogo.com,641-620-1866,1996-01-02,2012-02-19
Carolus,Dimont,Male,cdimontdt@marketwatch.com,187-442-0678,1987-08-22,2021-04-27
Anatola,Float,Female,afloatdu@hp.com,702-188-6323,1968-11-25,2022-02-21
Chanda,Schoolfield,Female,cschoolfielddv@unblog.fr,763-199-0017,1955-09-04,2011-08-22
Krista,Tipens,Female,ktipensdw@tmall.com,428-177-1729,1956-08-03,2019-10-01
Mozes,Killford,Male,mkillforddx@wufoo.com,960-113-8624,1988-08-26,2016-04-01
Maggy,Conigsby,Female,mconigsbydy@intel.com,693-397-0090,1995-12-30,2020-08-17
Abbi,Fiddymont,Female,afiddymontdz@boston.com,995-577-8950,1983-11-24,2015-10-01
Trever,Labone,Male,tlabonee0@delicious.com,929-415-5923,1965-12-15,2010-08-17
Lottie,Blooman,Female,lbloomane1@princeton.edu,383-739-8634,1975-05-21,2016-10-27
Sharyl,Swinford,Female,sswinforde2@si.edu,413-850-8424,1959-01-15,2020-07-15
Ody,Bernaldez,Male,obernaldeze3@boston.com,514-774-5444,1986-06-01,2020-07-22
Maxie,Sidwell,Female,msidwelle4@angelfire.com,390-819-4256,1999-05-16,2013-08-13
Ara,Boam,Female,aboame5@stumbleupon.com,782-273-5925,1989-05-22,2014-05-02
Myrlene,Daily,Female,mdailye6@1688.com,718-647-8397,1947-04-28,2016-08-17
Gabriele,Claxson,Male,gclaxsone7@github.com,637-176-5714,1995-01-05,2020-11-01
Stanford,Dombrell,Male,sdombrelle8@1688.com,440-795-0783,1976-12-03,2023-04-13
Reilly,Duns,Male,rdunse9@baidu.com,649-724-7282,1959-03-23,2024-05-08
Salomon,Ogan,Male,soganea@addthis.com,612-661-9349,1979-07-20,2018-09-13
Rockwell,Berntssen,Male,rberntsseneb@diigo.com,366-324-7783,1973-06-13,2011-11-16
Wilburt,MacDonogh,Male,wmacdonoghec@de.vu,449-282-0236,1967-08-29,2017-04-30
Valma,Riccetti,Female,vriccettied@wikipedia.org,106-804-2241,1981-05-24,2024-11-14
Virgie,McCullogh,Male,vmcculloghee@zimbio.com,931-243-4280,1941-10-07,2014-12-30
Celestyna,Wattins,Female,cwattinsef@last.fm,115-594-8133,1981-12-25,2013-10-06
Kerwinn,Pimlock,Male,kpimlockeg@utexas.edu,306-710-8556,1966-07-08,2022-02-08
Kristofor,Champe,Male,kchampeeh@jigsy.com,482-145-9630,1944-08-18,2010-11-14
Kaylil,Jarad,Female,kjaradei@rambler.ru,165-451-8849,1951-01-15,2022-12-13
Jedd,Morigan,Male,jmoriganej@google.com.br,643-324-7844,1968-05-11,2020-04-22
Winn,Kernell,Male,wkernellek@mtv.com,367-705-7073,1949-07-04,2018-11-17
Christoforo,Kelway,Male,ckelwayel@japanpost.jp,262-138-4694,1953-06-18,2015-08-11
Yvon,Mannagh,Male,ymannaghem@ustream.tv,512-986-2828,1973-11-23,2016-12-06
Addie,Trebbett,Male,atrebbetten@furl.net,748-823-4959,2001-10-24,2017-10-24
Cassandry,Pink,Female,cpinkeo@yellowpages.com,236-465-0853,1955-04-15,2019-02-02
Cory,Jarrard,Female,cjarrardep@timesonline.co.uk,392-926-5633,1969-10-01,2022-01-01
Josepha,Manchett,Female,jmanchetteq@nps.gov,538-854-2952,1965-09-21,2010-08-23
Gretchen,Cowper,Female,gcowperer@sohu.com,715-273-8676,1959-09-05,2016-07-23
Lilian,Falconer-Taylor,Female,lfalconertaylores@ustream.tv,862-450-7507,1971-11-14,2016-11-29
Berty,Ledamun,Male,bledamunet@scribd.com,135-916-6180,1955-03-31,2018-01-18
Finley,Petrello,Male,fpetrelloeu@printfriendly.com,128-654-9325,2001-04-27,2019-03-03
Byrom,Leblanc,Male,bleblancev@blogs.com,625-824-8334,1989-12-03,2016-12-25
Sherlocke,Castagnone,Male,scastagnoneew@wikimedia.org,229-384-4421,1985-03-24,2017-02-05
Antoni,Barlie,Male,abarlieex@ibm.com,592-202-7741,2001-03-28,2013-09-08
Dulcinea,Gossipin,Female,dgossipiney@cafepress.com,239-466-1780,1959-05-04,2022-09-25
Gray,Cicci,Male,gcicciez@bandcamp.com,800-871-9630,1971-12-03,2014-01-10
Devy,Todhunter,Male,dtodhunterf0@kickstarter.com,613-537-4623,1946-10-05,2011-11-21
Ernesta,Foot,Female,efootf1@google.cn,953-303-6195,1972-11-07,2015-11-30
Cart,Allery,Male,calleryf2@qq.com,530-155-0451,1949-09-20,2019-02-24
Francisco,Pfaffel,Male,fpfaffelf3@redcross.org,646-990-9396,1985-10-26,2022-05-16
Odelia,McVey,Female,omcveyf4@reddit.com,333-388-4870,1968-07-02,2020-03-14
April,Vickars,Female,avickarsf5@java.com,906-479-5928,1982-05-04,2018-09-25
Lena,Bault,Female,lbaultf6@dailymail.co.uk,929-927-0691,1952-08-29,2022-11-15
Sibyl,Valdes,Female,svaldesf7@smugmug.com,409-500-6302,1972-08-11,2014-02-15
Padraic,Divine,Male,pdivinef8@alibaba.com,212-495-1855,1948-06-17,2022-04-27
Fidelio,Dracksford,Male,fdracksfordf9@mapy.cz,879-113-1818,1989-11-08,2017-04-25
Charline,Creenan,Female,ccreenanfa@army.mil,670-159-7535,1979-11-25,2021-11-19
Lydia,Garretson,Female,lgarretsonfb@biglobe.ne.jp,368-159-3549,1966-06-03,2016-04-15
Quintin,Wagg,Male,qwaggfc@narod.ru,393-927-6302,2000-03-06,2023-05-14
Agnesse,Vondrak,Female,avondrakfd@ibm.com,220-511-4012,1989-05-10,2011-04-02
Ingram,Tidey,Male,itideyfe@fc2.com,639-139-7584,1951-12-22,2024-05-03
Marilyn,Robic,Female,mrobicff@ox.ac.uk,706-292-5256,1963-02-11,2012-01-27
Brietta,Medlin,Female,bmedlinfg@vistaprint.com,165-281-6340,1979-09-21,2024-08-06
Josephina,Cavanaugh,Female,jcavanaughfh@youtu.be,506-947-9359,1995-01-16,2013-05-16
Conroy,China,Male,cchinafi@reference.com,813-146-1924,1960-08-08,2021-07-18
Dieter,Piddletown,Male,dpiddletownfj@unicef.org,537-486-5661,1959-08-21,2011-02-14
Caz,Fosh,Male,cfoshfk@sakura.ne.jp,626-898-9287,1980-06-12,2013-07-06
Gale,Craker,Female,gcrakerfl@wired.com,926-469-0504,1964-11-24,2013-03-20
Bennett,Lente,Male,blentefm@odnoklassniki.ru,498-936-4540,1983-11-04,2016-04-10
Lind,Simons,Female,lsimonsfn@nytimes.com,526-251-5413,1953-02-21,2016-04-10
Karyn,Flockhart,Female,kflockhartfo@indiatimes.com,351-529-3957,1952-07-15,2024-11-18
Daveen,Katt,Female,dkattfp@bravesites.com,281-863-0191,1957-07-31,2021-12-29
Linus,Monger,Male,lmongerfq@eventbrite.com,217-406-3107,1979-06-05,2013-04-10
Dorie,Prozescky,Female,dprozesckyfr@tripod.com,913-222-4022,1987-06-28,2022-12-16
Tore,Brun,Male,tbrunfs@sphinn.com,291-532-2746,1946-03-26,2010-03-03
Darci,Basile,Female,dbasileft@drupal.org,805-297-2647,1985-01-05,2010-02-03
Lenee,Snodden,Female,lsnoddenfu@github.io,596-796-2285,1991-03-04,2023-01-04
Blake,Vasechkin,Female,bvasechkinfv@gravatar.com,360-603-0167,1947-03-19,2016-05-03
Reinhard,Bulluck,Male,rbulluckfw@cbslocal.com,720-313-5728,1976-04-28,2023-10-12
Donalt,Dorran,Male,ddorranfx@amazonaws.com,896-447-9218,1964-05-29,2016-05-13
Paco,Ayscough,Male,payscoughfy@omniture.com,206-811-7843,1993-09-20,2024-07-13
Morganne,Hattrick,Female,mhattrickfz@apple.com,905-108-6259,1953-06-01,2020-12-01
Erinn,Chaston,Female,echastong0@noaa.gov,229-675-4617,1998-07-16,2019-02-02
Christophorus,Boarer,Male,cboarerg1@illinois.edu,714-108-6377,1968-03-09,2024-09-27
Christiana,Troak,Female,ctroakg2@ow.ly,530-793-0714,1997-02-28,2014-07-15
Nahum,Melan,Male,nmelang3@yandex.ru,971-865-5866,1956-04-23,2020-12-25
Willamina,Matz,Female,wmatzg4@prlog.org,524-937-6741,1949-09-09,2015-01-05
Devin,Boyall,Female,dboyallg5@illinois.edu,446-813-1495,1991-04-25,2011-04-19
Sybille,Zamorrano,Female,szamorranog6@quantcast.com,952-837-7916,1943-03-12,2020-02-11
Raimondo,Iannetti,Male,riannettig7@bing.com,202-708-9307,1998-12-02,2024-07-22
Rafe,Rable,Male,rrableg8@bbb.org,697-169-8352,1955-12-15,2018-12-23
Frank,Babinski,Male,fbabinskig9@qq.com,730-259-4688,1961-09-07,2024-10-30
Roland,Santus,Male,rsantusga@google.cn,180-842-2607,2001-09-07,2022-04-16
Maggi,Bladesmith,Female,mbladesmithgb@ted.com,482-773-9511,1983-11-05,2011-09-03
Lothario,Douthwaite,Male,ldouthwaitegc@odnoklassniki.ru,945-907-1709,1941-03-31,2017-01-13
Aleta,Westhead,Female,awestheadgd@imdb.com,339-210-4946,1947-06-10,2013-05-22
Lorrayne,Michell,Female,lmichellge@t-online.de,490-305-5179,1970-02-04,2017-08-12
Jewel,Connell,Female,jconnellgf@icq.com,868-874-4256,1983-01-12,2012-01-11
Hartwell,Hayles,Male,hhaylesgg@lulu.com,251-276-8658,1987-12-15,2020-12-06
Gillan,Perkin,Female,gperkingh@ning.com,885-557-8943,1978-01-09,2023-06-07
Curt,Behan,Male,cbehangi@imgur.com,441-554-7258,1949-12-26,2018-03-25
Daile,Sieur,Female,dsieurgj@fastcompany.com,409-663-9207,1960-08-29,2016-01-07
Robinet,Locks,Female,rlocksgk@unblog.fr,881-716-5045,1978-07-07,2013-02-11
Pietro,Daveley,Female,pdaveleygl@mac.com,330-142-8004,1985-04-12,2024-03-10
Daphene,Halle,Female,dhallegm@epa.gov,413-635-6549,1972-04-24,2011-07-14
Kerry,Weddeburn,Male,kweddeburngn@nps.gov,618-235-4034,1949-08-22,2022-02-15
Cass,Silversmidt,Female,csilversmidtgo@usnews.com,731-623-7486,1957-05-26,2014-08-30
Ashlin,Gerring,Male,agerringgp@cafepress.com,537-268-6921,1959-10-08,2017-03-24
Lavena,Carrivick,Female,lcarrivickgq@ca.gov,227-167-1457,1957-02-15,2011-09-10
Feodora,Ellin,Female,fellingr@bbc.co.uk,716-534-5322,1953-10-31,2011-07-30
Wolf,Thorns,Male,wthornsgs@nydailynews.com,341-316-6901,1946-07-23,2015-09-16
Norma,Geany,Female,ngeanygt@webs.com,265-123-9985,1972-03-01,2012-07-20
Ulrike,Huetson,Female,uhuetsongu@paypal.com,507-107-2580,1999-12-05,2013-05-16
Rodina,Ferrillo,Female,rferrillogv@un.org,882-537-3660,1976-09-29,2014-08-28
Francoise,Sparshott,Female,fsparshottgw@nature.com,700-910-1093,1968-03-02,2024-10-16
Leighton,McDirmid,Male,lmcdirmidgx@sphinn.com,190-224-9341,1979-08-30,2022-10-07
Morena,Chern,Female,mcherngy@theatlantic.com,882-557-1072,1989-05-09,2016-01-09
Cordey,Mouton,Female,cmoutongz@desdev.cn,852-915-7470,1985-02-03,2019-01-14
Zita,Monnery,Female,zmonneryh0@kickstarter.com,824-975-7122,1957-04-06,2012-08-10
Linn,Eccleston,Male,lecclestonh1@slideshare.net,975-711-2277,1989-09-01,2011-02-19
Hedda,Ramlot,Female,hramloth2@plala.or.jp,250-816-6412,1961-12-11,2020-09-05
Lucille,Huerta,Female,lhuertah3@scribd.com,167-237-4690,1963-12-26,2019-10-28
Rossie,Oak,Male,roakh4@squidoo.com,263-951-9833,1981-06-22,2010-02-08
Clementia,Grogono,Female,cgrogonoh5@blog.com,375-156-7494,1961-12-24,2020-04-19
Karmen,Shuxsmith,Female,kshuxsmithh6@unc.edu,293-599-4696,1978-03-07,2015-12-20
Susan,Grzegorczyk,Female,sgrzegorczykh7@soundcloud.com,771-528-9902,1988-02-02,2024-09-11
Kelley,Woolham,Male,kwoolhamh8@loc.gov,738-127-1815,1949-04-02,2021-11-09
Basilius,MacGille,Male,bmacgilleh9@blinklist.com,652-537-2226,2001-05-15,2018-01-24
Bette-ann,Stannering,Female,bstanneringha@vk.com,747-302-5118,2001-08-29,2016-07-09
Sean,Ellison,Female,sellisonhb@cocolog-nifty.com,715-510-8132,1949-09-22,2024-10-05
Malory,Benazet,Female,mbenazethc@4shared.com,952-173-4049,1960-10-18,2019-09-08
Bobbye,Marlow,Female,bmarlowhd@upenn.edu,356-513-6199,1946-11-30,2013-09-09
Cinderella,Tibalt,Female,ctibalthe@de.vu,848-549-3124,1954-04-01,2011-08-28
Emylee,Angeau,Female,eangeauhf@woothemes.com,946-905-1094,1945-05-18,2018-11-24
Parker,Cloy,Male,pcloyhg@xing.com,444-624-5238,1969-03-07,2020-01-15
Blondie,Fentem,Female,bfentemhh@symantec.com,292-437-6394,1968-07-05,2013-06-26
Abrahan,Mountford,Male,amountfordhi@ifeng.com,299-148-1606,1952-02-27,2016-11-18
Calv,Pratte,Male,cprattehj@elpais.com,196-704-2187,1964-12-22,2019-06-06
Dudley,Petrazzi,Male,dpetrazzihk@tripadvisor.com,998-784-6663,1977-02-11,2014-08-25
Benn,Pisco,Male,bpiscohl@icio.us,313-822-0017,1951-06-16,2019-07-19
Clemence,Manville,Female,cmanvillehm@mlb.com,829-508-1610,1961-08-09,2010-11-25
Lionel,Blackater,Male,lblackaterhn@java.com,626-557-9662,1993-07-09,2017-08-02
Mackenzie,Rahill,Male,mrahillho@ted.com,927-262-1677,1960-08-06,2019-05-01
Gerrie,Cockcroft,Female,gcockcrofthp@spotify.com,408-548-5516,1974-08-01,2020-11-16
Garth,Neljes,Male,gneljeshq@home.pl,415-183-3003,1984-02-03,2013-06-08
Sergeant,Calbert,Male,scalberthr@webnode.com,681-102-2516,1948-08-24,2015-12-06
Mitchel,Renachowski,Male,mrenachowskihs@sourceforge.net,422-262-5107,1982-10-30,2022-05-28
Shalom,Fronek,Male,sfronekht@eepurl.com,969-686-1496,1968-12-11,2011-02-04
Claire,Verdey,Female,cverdeyhu@redcross.org,720-755-0411,1941-03-31,2013-04-05
Myer,Fawbert,Male,mfawberthv@hp.com,401-581-0010,1984-05-31,2013-05-09
Godwin,Keirl,Male,gkeirlhw@loc.gov,140-391-9611,1984-12-16,2016-01-15
Karlan,Wilsdon,Male,kwilsdonhx@slideshare.net,881-485-0028,1978-02-04,2015-10-12
Patrizio,Sewill,Male,psewillhy@skyrock.com,648-284-3609,1979-05-30,2011-03-26
Diane,Britney,Female,dbritneyhz@thetimes.co.uk,476-536-3407,1955-09-14,2021-03-22
Chaddy,McArte,Male,cmcartei0@hostgator.com,274-595-9853,1953-05-07,2022-07-05
Gus,Garvagh,Male,ggarvaghi1@answers.com,406-528-0538,2001-12-10,2019-02-05
Enoch,Seymark,Male,eseymarki2@washington.edu,422-344-6703,1975-01-18,2013-03-30
Orin,Brayn,Male,obrayni3@sfgate.com,971-947-4270,1982-04-17,2010-01-20
Carce,Gamon,Male,cgamoni4@123-reg.co.uk,498-264-1603,1975-06-07,2022-03-31
Ronica,Eake,Female,reakei5@washington.edu,555-232-7037,1977-03-27,2011-06-11
Conny,O'Lenane,Male,colenanei6@sbwire.com,542-532-2117,1995-04-04,2020-02-15
Caesar,Windus,Male,cwindusi7@trellian.com,644-486-0045,1953-02-12,2021-03-31
Herrick,Yanele,Male,hyanelei8@icio.us,537-720-2141,1972-03-10,2010-07-01
Cheslie,Leyden,Female,cleydeni9@dot.gov,714-222-7554,2001-04-29,2022-10-23
Gregoor,Ingleton,Male,gingletonia@dailymail.co.uk,910-339-0528,1955-05-03,2016-11-22
Cly,Gomersall,Male,cgomersallib@photobucket.com,193-193-9620,1984-09-19,2013-02-24
Johannah,Tuddall,Male,jtuddallic@earthlink.net,389-421-9512,1952-08-30,2014-01-07
Chrisy,Freeland,Male,cfreelandid@wunderground.com,905-447-6670,1950-11-30,2017-01-29
Jacobo,Coverley,Male,jcoverleyie@oracle.com,202-517-3520,1982-10-03,2022-04-15
Gregg,McRobbie,Male,gmcrobbieif@youtube.com,929-474-6196,1999-07-17,2020-12-05
Rosalynd,Paolozzi,Female,rpaolozziig@fda.gov,622-306-7549,1958-07-13,2024-04-22
Kellen,Paschke,Male,kpaschkeih@hhs.gov,678-156-4909,1994-08-26,2024-01-13
Eadmund,Gawthorp,Male,egawthorpii@washington.edu,164-972-7565,1951-05-02,2011-09-24
Rozalin,Patmore,Female,rpatmoreij@mysql.com,751-140-6532,1942-06-18,2015-05-21
Zebulen,Ofield,Male,zofieldik@about.me,128-899-7378,1972-08-10,2014-05-07
Hansiain,Hebron,Male,hhebronil@mapquest.com,492-542-7617,1975-12-24,2018-03-24
Georg,Jentzsch,Male,gjentzschim@illinois.edu,887-221-4637,1979-04-27,2011-10-13
Jeannine,Durrand,Female,jdurrandin@hibu.com,333-360-0417,1992-03-22,2016-12-07
Tiebout,Trayton,Male,ttraytonio@macromedia.com,784-603-7127,1989-04-03,2013-01-31
Thea,Van Hesteren,Female,tvanhesterenip@123-reg.co.uk,402-465-6476,1990-09-19,2011-08-06
Augustina,Rapley,Female,arapleyiq@amazon.com,732-620-0125,1958-09-05,2015-07-26
Pascale,Kreuzer,Male,pkreuzerir@google.co.uk,278-822-6952,1951-06-05,2010-06-14
Carter,Halson,Male,chalsonis@studiopress.com,650-412-9390,1944-04-30,2014-02-08
Tandie,Lydiard,Male,tlydiardit@hugedomains.com,538-911-4983,1970-07-18,2010-01-24
Edie,Bolle,Female,ebolleiu@baidu.com,223-838-0282,1948-05-28,2016-03-31
Carmine,Bickmore,Female,cbickmoreiv@discuz.net,866-490-0450,1964-09-10,2020-10-29
Bear,Burnsides,Male,bburnsidesiw@chicagotribune.com,546-730-0371,1961-08-19,2018-07-05
Jamie,Trethewey,Male,jtretheweyix@imdb.com,142-832-5176,1941-08-01,2014-10-11
Betta,Kirckman,Female,bkirckmaniy@addthis.com,602-336-1990,1973-12-10,2021-10-08
Bill,Dur,Female,bduriz@google.es,903-973-1171,1948-08-23,2017-02-06
Kristien,Ledes,Female,kledesj0@senate.gov,213-472-7824,1985-08-31,2021-10-12
Palm,Dorro,Male,pdorroj1@zdnet.com,580-586-6313,1941-09-10,2017-02-04
Eugenia,Mynard,Female,emynardj2@utexas.edu,934-826-2333,1966-03-20,2014-10-12
Bryn,Farlamb,Male,bfarlambj3@blogspot.com,524-807-8890,1966-07-30,2010-09-09
Cariotta,Hestrop,Female,chestropj4@narod.ru,842-719-4589,1960-08-08,2013-02-23
Burk,Dollard,Male,bdollardj5@elpais.com,529-409-9996,1944-07-12,2020-01-17
Willette,Mahaffey,Female,wmahaffeyj6@miitbeian.gov.cn,585-451-9647,1967-04-04,2021-09-30
Benny,Egarr,Female,begarrj7@fotki.com,911-728-0915,1979-09-03,2012-10-07
Sherlocke,Sawkins,Male,ssawkinsj8@vinaora.com,251-689-6758,1999-11-01,2023-04-30
Jobyna,Banghe,Female,jbanghej9@loc.gov,515-968-7590,1994-12-02,2019-09-23
Candida,Auston,Female,caustonja@salon.com,702-287-7198,1978-01-27,2018-06-28
Marti,Scurr,Female,mscurrjb@cbsnews.com,232-945-8209,1947-10-27,2012-10-25
Tomasina,Mairs,Female,tmairsjc@ovh.net,665-124-2727,1978-04-23,2010-09-05
Donny,Bandt,Male,dbandtjd@jalbum.net,993-169-2476,1985-02-24,2023-12-28
Lurline,Lambird,Female,llambirdje@indiatimes.com,779-325-1543,1967-02-11,2013-03-19
Corinne,Crake,Female,ccrakejf@cbsnews.com,581-268-0546,1948-11-14,2021-08-17
Bertie,McShirrie,Male,bmcshirriejg@squidoo.com,479-239-1766,1969-08-01,2013-08-13
Alexis,Tebbutt,Male,atebbuttjh@youku.com,429-879-1237,1944-02-06,2019-08-15
Flori,Angeau,Female,fangeauji@smh.com.au,760-886-7631,1994-09-21,2020-07-14
Corabel,Foucar,Female,cfoucarjj@nhs.uk,860-468-3856,1982-10-15,2019-03-21
Ruthanne,Hallowes,Female,rhallowesjk@state.tx.us,808-288-9447,1997-11-09,2018-09-24
Tony,Causon,Female,tcausonjl@berkeley.edu,582-339-3652,1984-05-31,2023-09-05
Karia,Abadam,Female,kabadamjm@irs.gov,970-864-4511,1981-04-02,2016-09-13
Towney,Kellart,Male,tkellartjn@engadget.com,546-988-7067,1953-10-23,2016-01-20
Courtnay,Beamond,Female,cbeamondjo@mapquest.com,971-892-2197,1964-03-09,2014-07-02
Karina,Bartolic,Female,kbartolicjp@cargocollective.com,838-669-8160,1992-03-24,2010-11-06
Yanaton,Kubiczek,Male,ykubiczekjq@ocn.ne.jp,622-853-2776,1958-06-08,2019-12-05
Blake,Malster,Male,bmalsterjr@posterous.com,403-312-3826,1960-12-27,2012-05-02
Nobie,Josh,Male,njoshjs@facebook.com,188-968-0107,1950-02-06,2020-11-23
Caren,Pozzo,Female,cpozzojt@lycos.com,282-349-8285,1982-02-16,2015-05-29
Neysa,Liggett,Female,nliggettju@so-net.ne.jp,147-382-9170,1981-08-15,2014-12-11
Marrissa,Willerstone,Female,mwillerstonejv@ustream.tv,283-295-3070,1951-03-22,2023-12-09
Jeremie,Manderson,Male,jmandersonjw@arstechnica.com,214-831-0062,1956-02-28,2023-03-29
Felisha,Erricker,Female,ferrickerjx@cbsnews.com,125-214-8037,1997-03-02,2012-03-06
Kienan,Chillingsworth,Male,kchillingsworthjy@reuters.com,908-313-0289,1982-10-15,2012-04-25
Van,Hargey,Male,vhargeyjz@wisc.edu,745-225-8550,1964-12-08,2024-09-17
Enrichetta,Haversham,Female,ehavershamk0@wix.com,167-627-4290,1990-06-17,2019-08-13
Jeremias,Carwithim,Male,jcarwithimk1@google.co.jp,459-567-9470,1971-09-19,2017-07-28
Ashlan,Ridgewell,Female,aridgewellk2@economist.com,966-398-5223,1975-03-08,2011-06-21
Ad,Barrowclough,Male,abarrowcloughk3@uol.com.br,548-476-6725,1982-03-21,2018-12-28
Celestyna,Cordery,Female,ccorderyk4@chicagotribune.com,503-354-3104,1955-12-12,2023-04-19
Laure,Johannesson,Female,ljohannessonk5@about.me,117-447-9607,1941-09-29,2024-05-23
Esmeralda,Terzo,Female,eterzok6@time.com,323-542-2142,1991-01-16,2020-10-21
Ursulina,Saladino,Female,usaladinok7@utexas.edu,706-377-0011,1959-11-02,2024-08-13
Dyanne,Claus,Female,dclausk8@surveymonkey.com,459-250-1105,1976-05-03,2019-04-11
Dori,Westmerland,Female,dwestmerlandk9@delicious.com,743-710-1845,1956-10-21,2016-11-02
Win,Gamell,Male,wgamellka@amazon.co.uk,916-710-5527,1957-02-24,2011-07-09
Melosa,Bonick,Female,mbonickkb@networkadvertising.org,589-963-1518,1963-03-23,2022-03-04
Doralia,Crace,Female,dcracekc@fc2.com,314-951-5830,1965-09-17,2023-03-20
Kelby,Waistell,Male,kwaistellkd@quantcast.com,104-490-1043,1991-01-19,2011-04-15
Jonathan,Wimbury,Female,jwimburyke@home.pl,281-670-6220,1984-09-07,2019-01-10
Philippe,Tytterton,Female,ptyttertonkf@jimdo.com,534-966-4490,1968-04-03,2013-04-21
Melodie,Stidever,Female,mstideverkg@pcworld.com,484-396-4774,1957-05-22,2018-05-14
Ariella,Janodet,Female,ajanodetkh@goo.ne.jp,907-613-6384,1962-08-10,2018-11-01
Lillian,Chaloner,Female,lchalonerki@cpanel.net,656-321-9376,1963-04-09,2018-11-16
Haleigh,Betje,Male,hbetjekj@quantcast.com,552-371-3663,1956-09-12,2011-06-09
Janot,Frame,Female,jframekk@tumblr.com,772-442-5747,1980-05-05,2024-03-25
Immanuel,Cuttler,Male,icuttlerkl@weather.com,763-270-6652,1948-11-18,2024-12-28
Brewer,Cordeix,Male,bcordeixkm@squarespace.com,500-358-7827,1957-01-13,2023-02-08
Oriana,Vidyapin,Female,ovidyapinkn@sina.com.cn,876-327-0677,1963-02-08,2010-03-14
Ambrose,Cleworth,Male,acleworthko@tuttocitta.it,625-977-2850,1996-03-03,2024-01-18
Oriana,Bradborne,Female,obradbornekp@google.pl,774-838-5627,1993-07-19,2014-03-02
Tymothy,Plastow,Male,tplastowkq@bloglovin.com,145-132-0446,1978-03-28,2018-09-12
Ferdinanda,Classen,Female,fclassenkr@ustream.tv,856-525-9203,1998-06-25,2015-03-01
Weidar,Newlan,Male,wnewlanks@domainmarket.com,493-523-7486,1993-10-07,2022-02-28
Brooks,Magowan,Male,bmagowankt@va.gov,161-372-8604,1955-01-21,2016-02-06
Kally,Crick,Female,kcrickku@gizmodo.com,413-747-4879,1986-02-04,2023-05-24
Margareta,Flohard,Female,mflohardkv@a8.net,407-234-0392,1971-02-20,2024-07-08
Nicolle,Senecaut,Male,nsenecautkw@freewebs.com,263-525-9277,1954-12-13,2014-11-30
Feodor,Lampke,Male,flampkekx@multiply.com,473-465-1363,1986-01-25,2018-05-17
Theresita,Milsap,Female,tmilsapky@discovery.com,969-538-6102,1973-04-16,2010-12-24
Kimberly,Ferrone,Female,kferronekz@seattletimes.com,816-493-3303,1941-01-13,2015-09-18
Gardner,Minto,Male,gmintol0@hc360.com,570-765-7568,1979-06-08,2015-02-09
Gavin,Lavielle,Male,glaviellel1@craigslist.org,949-310-2892,1954-10-19,2024-10-31
Washington,Cutcliffe,Male,wcutcliffel2@auda.org.au,448-379-0053,1971-06-25,2012-03-23
Jarib,von Grollmann,Male,jvongrollmannl3@intel.com,942-756-7662,1950-08-24,2021-11-06
Gui,Mulleary,Female,gmullearyl4@mashable.com,999-810-0244,1988-12-31,2021-12-21
Kittie,Scirman,Female,kscirmanl5@blinklist.com,255-279-3532,1957-04-23,2019-05-05
Harriet,Twigge,Female,htwiggel6@abc.net.au,633-108-2853,1993-02-03,2021-03-09
Les,Nelthorp,Male,lnelthorpl7@flavors.me,357-781-5230,1963-04-01,2012-05-05
Hall,Coppenhall,Male,hcoppenhalll8@nytimes.com,636-370-2715,1994-07-30,2011-11-10
Adela,Lerwill,Female,alerwilll9@washington.edu,736-931-8469,1975-09-29,2018-04-07
Serge,Cosgrove,Male,scosgrovela@marriott.com,928-751-7510,1947-08-27,2021-02-27
Aubree,Slade,Female,asladelb@europa.eu,148-441-4880,1997-12-05,2019-03-17
Flossy,O'Crigane,Female,focriganelc@soundcloud.com,461-822-1814,1994-12-05,2023-05-19
Tommie,Kunkel,Male,tkunkelld@wired.com,891-435-8644,1992-01-02,2021-04-29
Chas,Rableau,Male,crableaule@bigcartel.com,293-161-5228,1963-07-12,2020-12-06
Hewe,Muck,Male,hmucklf@webs.com,717-801-8002,1951-09-06,2020-11-16
Myca,McCambrois,Male,mmccambroislg@newsvine.com,571-276-6155,1963-03-23,2011-03-13
Flori,Pengelly,Female,fpengellylh@mapy.cz,570-966-4841,1942-08-03,2012-05-05
Karole,Catlette,Female,kcatletteli@bbc.co.uk,181-956-6197,1945-04-04,2021-09-06
Nikolas,Gauld,Male,ngauldlj@ucla.edu,472-390-6477,1989-08-12,2024-03-05
Kendal,Lenham,Male,klenhamlk@sina.com.cn,724-925-6374,1941-06-04,2010-05-29
Armando,Conyer,Male,aconyerll@4shared.com,590-686-1626,1983-11-28,2017-03-22
Demetre,McCarl,Male,dmccarllm@amazon.com,726-586-7997,1957-05-28,2014-04-12
Lonny,Pigney,Male,lpigneyln@pbs.org,868-368-8459,1992-12-10,2022-08-24
Kevon,Rouff,Male,kroufflo@addtoany.com,852-523-2755,1944-10-03,2024-08-08
Aeriel,Clemonts,Female,aclemontslp@shutterfly.com,971-982-4722,1986-12-20,2017-12-09
Alexio,Jouaneton,Male,ajouanetonlq@webnode.com,463-844-7053,1942-03-10,2013-05-31
Valentine,Janiak,Female,vjaniaklr@nasa.gov,470-859-7629,1958-12-27,2022-10-18
Jodie,Jaumet,Female,jjaumetls@virginia.edu,839-429-3663,1944-12-07,2011-01-08
Manya,Terran,Female,mterranlt@bbc.co.uk,994-845-6883,1950-11-17,2020-03-30
Elwira,Weld,Female,eweldlu@phpbb.com,755-949-9056,1946-10-02,2023-07-30
Emily,Garthshore,Female,egarthshorelv@php.net,214-123-6073,1975-05-05,2023-04-02
Wolf,Rannie,Male,wrannielw@friendfeed.com,162-235-6230,1960-05-31,2024-08-11
Chloe,Herion,Female,cherionlx@chron.com,862-564-9070,1992-08-15,2019-01-30
Gretal,Fawcett,Male,gfawcettly@mac.com,173-650-9017,1948-09-15,2012-04-11
Eudora,Salaman,Female,esalamanlz@youtube.com,866-631-5656,1952-04-15,2015-12-24
Nichole,McCandie,Female,nmccandiem0@deliciousdays.com,619-253-3311,1991-04-19,2024-07-11
Ranna,Chieco,Male,rchiecom1@bizjournals.com,860-217-1847,2001-05-05,2013-04-21
Romona,Ollie,Female,rolliem2@delicious.com,721-283-0786,1943-07-22,2013-07-19
Zahara,McDaid,Female,zmcdaidm3@nasa.gov,746-267-8841,1997-12-03,2017-02-10
Charlie,Anning,Male,canningm4@youtube.com,340-450-1381,1941-04-07,2018-06-09
Gill,Craddock,Female,gcraddockm5@apache.org,118-597-9322,1945-06-27,2018-10-18
Em,Vakhrushev,Male,evakhrushevm6@sphinn.com,490-866-2877,1968-09-29,2014-07-29
Ofella,Newcom,Female,onewcomm7@berkeley.edu,142-236-9038,1965-06-22,2014-09-29
Romeo,Possel,Male,rposselm8@technorati.com,165-576-4381,1988-01-22,2024-11-04
Vale,Pirelli,Male,vpirellim9@booking.com,702-528-0716,1969-08-25,2016-04-14
Steffie,McCaghan,Female,smccaghanma@bloglovin.com,762-636-1993,1971-12-03,2015-06-02
Nicolina,Remer,Female,nremermb@taobao.com,494-387-3063,1992-01-07,2016-04-15
Gail,Gebbie,Female,ggebbiemc@symantec.com,797-976-4947,1973-07-28,2024-01-30
Violetta,Cattermoul,Female,vcattermoulmd@biblegateway.com,425-563-8043,1989-09-22,2012-02-03
Wiatt,Meatyard,Male,wmeatyardme@scientificamerican.com,887-120-5993,1979-11-25,2011-03-22
Kelwin,Axe,Male,kaxemf@cdc.gov,462-189-8236,1957-10-17,2010-12-31
Sidney,Farndale,Male,sfarndalemg@usgs.gov,274-756-4872,1985-04-05,2013-09-05
Almire,Matissoff,Female,amatissoffmh@hexun.com,311-558-1823,1955-05-31,2021-07-27
Lisha,Alty,Female,laltymi@ask.com,559-488-3941,1979-07-18,2022-05-14
Laney,Thoumas,Male,lthoumasmj@discuz.net,506-750-5137,1969-10-13,2022-07-05
Pippy,Tomalin,Female,ptomalinmk@japanpost.jp,345-967-5985,1975-05-07,2015-02-07
Prissie,Ruffell,Female,pruffellml@home.pl,611-257-3956,1993-04-11,2015-04-30
Hans,Haysar,Male,hhaysarmm@illinois.edu,795-895-2101,1955-10-28,2015-04-11
Talia,Jarvie,Female,tjarviemn@amazon.co.jp,274-189-8236,1970-10-03,2020-12-07
Carling,Hartles,Male,chartlesmo@stanford.edu,199-228-0394,1997-12-25,2015-09-08
Byram,Mcwhinney,Male,bmcwhinneymp@ovh.net,100-631-6376,1966-01-19,2022-06-06
Shaun,Fortnon,Male,sfortnonmq@unblog.fr,202-504-2712,1942-07-25,2013-07-29
Bent,Moncarr,Male,bmoncarrmr@newyorker.com,160-891-4985,2000-03-09,2017-10-15
Rania,Shalliker,Female,rshallikerms@howstuffworks.com,970-296-7522,1945-01-29,2017-02-26
Rouvin,Evemy,Male,revemymt@t.co,663-987-4305,1970-07-16,2013-09-30
Scott,Bustard,Female,sbustardmu@posterous.com,213-284-1609,1966-09-15,2011-07-10
Eleanora,FitzGilbert,Female,efitzgilbertmv@ibm.com,309-602-9001,1968-09-29,2013-11-08
Aleksandr,Darben,Male,adarbenmw@fema.gov,215-163-4475,1948-04-03,2011-12-28
Marnie,Jerrom,Female,mjerrommx@amazon.co.uk,517-288-0647,1947-11-15,2015-08-07
Gris,Saxelby,Male,gsaxelbymy@mtv.com,243-292-3296,1996-01-19,2022-05-06
Jackqueline,Worsall,Female,jworsallmz@vkontakte.ru,434-212-2892,1982-01-26,2023-11-26
Willem,Redler,Male,wredlern0@trellian.com,269-346-3800,1963-04-20,2011-10-12
Gaylor,Bonicelli,Male,gbonicellin1@hugedomains.com,316-430-8540,1942-07-18,2010-05-21
Akim,Cumberledge,Male,acumberledgen2@rambler.ru,423-842-8186,1963-03-09,2022-10-11
Arabela,Anwell,Female,aanwelln3@ycombinator.com,389-778-2750,1942-02-20,2023-09-27
Ruthie,Draijer,Male,rdraijern4@free.fr,675-363-0792,1982-12-30,2019-05-25
Normand,Walne,Male,nwalnen5@topsy.com,692-484-7367,1990-04-19,2021-04-20
Jordan,Jerrome,Female,jjerromen6@prnewswire.com,488-424-4357,1946-12-30,2024-02-18
Paola,Ainsley,Female,painsleyn7@boston.com,445-371-0483,1960-08-30,2013-03-03
Georg,Whitrod,Male,gwhitrodn8@google.co.jp,168-456-7960,1974-10-24,2016-04-27
Dan,Feore,Male,dfeoren9@fotki.com,169-284-0391,1965-04-27,2016-12-02
Chev,McLeman,Male,cmclemanna@about.com,637-935-9030,1945-03-04,2013-12-18
Tarrah,Larose,Female,tlarosenb@seattletimes.com,488-459-2641,1976-04-19,2022-04-24
Andras,Jellis,Male,ajellisnc@ed.gov,722-314-5490,1963-05-05,2013-06-07
Nikki,Rimbault,Female,nrimbaultnd@seattletimes.com,610-527-5392,1996-06-04,2010-03-30
Shelbi,Buxey,Female,sbuxeyne@goo.gl,284-302-0669,1960-06-24,2019-03-01
Shelli,Brittan,Female,sbrittannf@ucoz.ru,928-368-9445,1980-03-23,2015-03-22
Kylen,Pelfer,Female,kpelferng@discuz.net,856-798-5341,1981-09-05,2012-07-11
Rayner,Paulot,Male,rpaulotnh@cdc.gov,594-845-0355,1970-07-03,2015-07-13
Merrile,Draaisma,Female,mdraaismani@biglobe.ne.jp,382-446-7058,1993-08-05,2013-04-03
Valery,Macklin,Female,vmacklinnj@sbwire.com,401-206-1284,1967-12-15,2017-04-13
Moreen,Rozet,Female,mrozetnk@earthlink.net,697-708-8313,1997-12-16,2012-01-22
Shantee,Garshore,Female,sgarshorenl@dmoz.org,101-624-2927,1982-10-11,2018-01-26
Tibold,Allsopp,Male,tallsoppnm@prlog.org,339-499-6101,1989-01-01,2011-06-26
Bianka,Lofts,Male,bloftsnn@yellowbook.com,608-288-5704,1945-09-14,2019-09-04
Consolata,Bulley,Female,cbulleyno@hhs.gov,502-167-2567,1959-11-02,2013-10-31
Thorsten,Szymonwicz,Male,tszymonwicznp@intel.com,504-274-7388,1972-12-31,2018-04-28
Carolyne,Feeham,Female,cfeehamnq@china.com.cn,913-582-2882,1963-08-18,2020-10-06
Hew,Wein,Male,hweinnr@ebay.co.uk,980-726-7175,1975-06-05,2011-01-13
Clarine,Cadwell,Female,ccadwellns@samsung.com,983-678-3592,1955-08-18,2018-07-01
Rube,Siddon,Male,rsiddonnt@ucla.edu,834-789-9894,2000-09-26,2024-02-26
Jasmin,Cruikshanks,Female,jcruikshanksnu@phpbb.com,356-398-8787,1970-07-18,2012-12-28
Olwen,Dumblton,Female,odumbltonnv@alibaba.com,788-923-8004,1954-02-24,2022-12-08
Rickard,Cowderay,Male,rcowderaynw@wikispaces.com,573-428-1369,2000-12-08,2010-10-02
Ernaline,Hegerty,Female,ehegertynx@ezinearticles.com,378-260-9129,1976-07-15,2024-12-12
Joey,Gerant,Male,jgerantny@examiner.com,444-229-4620,1972-06-27,2013-07-13
Donal,Donaghie,Male,ddonaghienz@time.com,576-210-4613,1982-04-12,2023-06-10
Blane,Macrow,Male,bmacrowo0@vk.com,429-218-3208,1988-05-29,2010-02-03
Modesty,Cullum,Female,mcullumo1@buzzfeed.com,323-680-2384,1990-11-19,2017-07-04
Mariya,Itzakovitz,Female,mitzakovitzo2@ebay.co.uk,611-367-4016,1998-09-19,2020-04-15
Georgia,Rollins,Female,grollinso3@spiegel.de,474-341-9676,1986-01-09,2022-04-13
Fields,Camplin,Male,fcamplino4@ifeng.com,465-522-7266,1994-10-27,2013-06-18
Christoph,Shillan,Male,cshillano5@prnewswire.com,923-542-6455,1968-06-23,2017-03-11
Marv,Brownhall,Male,mbrownhallo6@t.co,194-494-6418,1981-10-01,2016-10-13
Teddy,Andric,Male,tandrico7@berkeley.edu,668-360-3716,1984-06-30,2013-01-02
Nobe,Baff,Male,nbaffo8@vinaora.com,613-797-9463,1995-04-29,2015-06-02
Sterne,Sola,Male,ssolao9@ftc.gov,210-220-5171,1944-01-05,2012-04-30
Jade,Eickhoff,Female,jeickhoffoa@msn.com,892-842-5700,1963-10-21,2016-02-12
Pansy,Garfoot,Female,pgarfootob@washingtonpost.com,779-675-5446,1956-09-10,2022-10-02
Agnola,Suerz,Female,asuerzoc@ameblo.jp,432-282-8111,1954-09-05,2024-10-31
Belita,Brotherton,Female,bbrothertonod@cloudflare.com,886-641-6023,1976-07-22,2015-02-13
Anabal,Ambler,Female,aambleroe@bluehost.com,557-295-8404,1988-10-18,2018-12-07
Theodoric,Pinwell,Male,tpinwellof@tripadvisor.com,477-961-7365,1984-01-08,2011-12-11
Renate,Jurgensen,Female,rjurgensenog@ftc.gov,719-251-9606,1973-06-05,2019-01-27
Todd,Kigelman,Male,tkigelmanoh@skyrock.com,510-565-4665,1993-09-23,2023-12-02
Donni,McElrath,Female,dmcelrathoi@google.ca,464-424-8886,2000-06-09,2015-06-01
Fenelia,Kitching,Female,fkitchingoj@behance.net,985-399-8978,1988-04-06,2018-09-16
Lyn,Pechacek,Male,lpechacekok@msu.edu,410-280-3521,1977-05-20,2010-08-27
Josee,Jaan,Female,jjaanol@yelp.com,893-342-8004,1968-12-29,2015-03-24
Janek,Verry,Male,jverryom@cdbaby.com,925-151-0154,1956-05-03,2013-04-06
Matelda,Mileham,Female,mmilehamon@cbslocal.com,201-241-9073,1950-09-15,2011-07-06
Arther,Litzmann,Male,alitzmannoo@pinterest.com,129-912-9823,1986-10-24,2015-04-06
Shea,Gutman,Male,sgutmanop@digg.com,706-244-9248,2000-01-03,2023-12-30
Gavan,Woodcroft,Male,gwoodcroftoq@alibaba.com,494-868-0478,1976-09-17,2011-05-29
Clarance,Yeomans,Male,cyeomansor@ebay.co.uk,441-849-7685,1947-10-20,2022-08-24
Wilfred,Gremain,Male,wgremainos@shinystat.com,165-773-2629,1959-10-20,2014-08-31
Amber,Knott,Female,aknottot@acquirethisname.com,423-317-5209,1974-03-24,2014-03-13
Reeta,Greest,Male,rgreestou@prlog.org,823-609-2319,1952-03-20,2013-04-04
Darryl,Ickovici,Male,dickoviciov@xinhuanet.com,861-553-8022,1984-05-13,2022-05-22
Evin,Muir,Male,emuirow@chron.com,535-292-0665,1996-06-23,2022-09-23
Dulcinea,Shalcros,Female,dshalcrosox@sun.com,320-889-2158,1991-01-16,2020-06-26
Padgett,Kenwyn,Female,pkenwynoy@usa.gov,132-561-9080,1991-01-18,2019-11-09
Kahlil,Baudins,Male,kbaudinsoz@indiatimes.com,203-881-5104,1985-04-23,2022-11-08
Benjy,Putnam,Male,bputnamp0@ucsd.edu,155-971-3530,1942-03-23,2014-01-11
Maure,Izod,Female,mizodp1@a8.net,410-946-2845,1990-11-01,2012-08-19
Robers,Linley,Male,rlinleyp2@home.pl,279-254-2941,1948-11-17,2014-12-21
Bud,Luno,Male,blunop3@nhs.uk,590-207-4576,1941-05-06,2020-10-10
Kellen,Penritt,Female,kpenrittp4@weibo.com,593-791-8669,1950-05-07,2015-02-23
Hillie,Alenikov,Male,halenikovp5@house.gov,257-374-2307,1962-05-04,2014-12-15
Willem,Sebrook,Male,wsebrookp6@yale.edu,950-297-5575,1965-05-02,2021-11-07
Frayda,Lillo,Female,flillop7@reddit.com,907-177-5421,1997-08-21,2011-08-01
Melita,Mabbot,Female,mmabbotp8@gnu.org,221-974-1083,1986-04-01,2020-01-07
Kimbra,Collete,Female,kcolletep9@surveymonkey.com,757-148-8830,1990-10-10,2019-05-07
Dorry,Reckus,Female,dreckuspa@google.it,310-348-1423,1981-04-23,2010-05-26
Tony,Collingwood,Female,tcollingwoodpb@myspace.com,163-171-1851,1982-03-04,2022-12-04
Calla,Edgecombe,Female,cedgecombepc@webs.com,157-182-3069,1943-08-16,2020-03-05
Hugo,Melia,Male,hmeliapd@seattletimes.com,608-603-9035,1966-01-12,2012-07-12
Haskell,Joannet,Male,hjoannetpe@goo.gl,502-530-7885,1942-03-28,2019-02-19
Karalynn,Flintoff,Female,kflintoffpf@ihg.com,421-857-5075,1959-07-15,2011-01-10
Niven,Piggen,Male,npiggenpg@hexun.com,795-238-1628,1944-09-18,2020-09-11
Pam,Hovard,Female,phovardph@ovh.net,362-306-4627,1951-07-09,2011-10-06
Adella,Lovett,Female,alovettpi@sun.com,359-167-0978,1970-07-24,2012-07-14
Ilise,Boughtwood,Female,iboughtwoodpj@java.com,676-845-3266,1970-01-22,2018-05-06
Rollo,Snowdon,Male,rsnowdonpk@springer.com,939-428-8270,1971-02-25,2021-02-14
Cati,Curcher,Female,ccurcherpl@twitter.com,344-413-6466,1975-01-17,2012-11-16
Flin,Grove,Male,fgrovepm@slate.com,968-856-7150,1978-01-12,2024-08-13
Farlay,Hendonson,Male,fhendonsonpn@seattletimes.com,457-321-6211,1974-10-12,2015-07-17
Kayle,Gaynes,Female,kgaynespo@nyu.edu,309-742-7940,1988-07-02,2020-06-11
Nicoline,Gerb,Female,ngerbpp@imgur.com,788-229-7947,1975-06-04,2010-10-28
Wallis,Josse,Male,wjossepq@icio.us,979-540-4037,1960-02-24,2014-05-05
Rhona,Revelle,Female,rrevellepr@friendfeed.com,362-211-1882,1942-03-31,2013-04-23
Demetra,Tinmouth,Female,dtinmouthps@nifty.com,925-388-0977,1942-04-23,2014-12-02
Gertie,Fevier,Female,gfevierpt@engadget.com,412-487-8118,1978-04-28,2018-04-20
Gaylor,Jameson,Male,gjamesonpu@webnode.com,461-934-5023,1967-03-22,2019-08-29
Diandra,Haszard,Female,dhaszardpv@tinypic.com,645-984-7903,1997-12-30,2023-09-17
Suzann,Parmeter,Female,sparmeterpw@soup.io,743-625-4225,1983-10-16,2016-08-03
Wittie,Eason,Male,weasonpx@fema.gov,143-533-4684,1997-07-09,2021-04-18
Urbanus,Humberston,Male,uhumberstonpy@statcounter.com,475-332-5511,1961-11-29,2019-10-20
Barnabas,Buckell,Male,bbuckellpz@cnn.com,510-911-4705,1947-03-24,2017-06-30
Ode,Fontelles,Male,ofontellesq0@dmoz.org,507-157-1050,1942-04-19,2010-02-16
Sutton,Taggett,Male,staggettq1@ibm.com,338-535-2318,1983-09-02,2013-04-28
Monte,Adamou,Male,madamouq2@eventbrite.com,847-191-8711,1946-05-08,2016-11-15
Philly,Bool,Female,pboolq3@angelfire.com,914-308-9693,2001-05-26,2019-09-27
Harald,Fidock,Male,hfidockq4@acquirethisname.com,605-224-6433,1974-11-25,2020-03-15
Bartie,Goulden,Male,bgouldenq5@bandcamp.com,506-908-3228,1952-11-30,2019-06-27
Wash,Cicchillo,Male,wcicchilloq6@kickstarter.com,259-623-4021,1977-04-01,2015-10-06
Winni,Cutten,Female,wcuttenq7@weibo.com,580-446-3992,1959-12-18,2010-06-12
Hillyer,Mayworth,Male,hmayworthq8@theglobeandmail.com,914-846-2242,1955-09-16,2019-12-14
Ilyse,Jakes,Female,ijakesq9@stumbleupon.com,813-490-9279,1987-04-25,2015-01-10
Tully,Hollingsbee,Male,thollingsbeeqa@engadget.com,601-529-0773,1965-08-07,2015-11-18
Pearline,Basillon,Male,pbasillonqb@drupal.org,536-612-4393,1960-08-21,2012-01-18
Correy,Avramov,Male,cavramovqc@dailymotion.com,234-605-2482,1990-01-09,2023-07-30
Tabb,Gumm,Male,tgummqd@sitemeter.com,538-506-5741,1969-10-23,2011-06-03
Andree,Oldrey,Male,aoldreyqe@kickstarter.com,821-988-6937,1985-11-19,2010-07-28
Kennett,Constantine,Male,kconstantineqf@senate.gov,307-438-2815,1963-08-10,2010-02-06
Georgi,Redemile,Male,gredemileqg@etsy.com,386-882-2187,1981-07-20,2022-09-27
Stearn,Powling,Male,spowlingqh@slashdot.org,481-296-8136,1981-05-12,2019-07-23
Lian,Hadeke,Female,lhadekeqi@goo.ne.jp,735-859-9953,1941-08-05,2024-04-05
Jerrie,Ruff,Female,jruffqj@bloomberg.com,653-787-9564,1942-10-01,2020-08-15
Johna,O'Fairy,Female,jofairyqk@gov.uk,689-960-8877,1972-04-17,2023-02-11
Anny,Avesque,Female,aavesqueql@kickstarter.com,923-115-7578,1980-10-28,2022-06-21
Garrett,Ikringill,Male,gikringillqm@photobucket.com,934-175-8379,1997-01-29,2016-10-05
Prudy,McKerrow,Female,pmckerrowqn@digg.com,690-731-6190,1970-09-11,2014-06-25
Sutherland,Stonham,Male,sstonhamqo@ustream.tv,182-196-2936,1963-02-14,2015-01-21
Giordano,Aizic,Male,gaizicqp@mlb.com,786-404-0888,1979-01-16,2010-08-26
Briana,Allcorn,Female,ballcornqq@goodreads.com,272-462-8794,1997-04-16,2019-04-10
Kristo,Robarts,Male,krobartsqr@symantec.com,891-343-8340,1980-01-20,2013-12-19
Dorothea,Tutton,Male,dtuttonqs@yahoo.co.jp,223-825-2776,1948-03-31,2015-06-15
Emmott,Christauffour,Male,echristauffourqt@oakley.com,752-639-2343,1957-09-06,2011-07-25
Dannye,Dwire,Female,ddwirequ@printfriendly.com,520-246-3807,1963-03-03,2015-11-08
Elden,MacTrustram,Male,emactrustramqv@patch.com,414-267-8478,1967-03-12,2019-02-16
Carilyn,Honnan,Female,chonnanqw@amazon.co.uk,350-276-3351,1962-06-09,2013-11-17
Christina,Dudny,Female,cdudnyqx@dailymotion.com,403-828-1259,1977-07-06,2010-03-28
Dot,Middlehurst,Female,dmiddlehurstqy@rambler.ru,812-894-3862,1977-06-20,2016-06-18
Tawsha,Matteuzzi,Female,tmatteuzziqz@gnu.org,559-223-5208,1958-05-06,2013-09-19
Tabbi,Ilymanov,Female,tilymanovr0@studiopress.com,360-364-6611,1956-11-21,2010-09-05
Raff,Gateland,Male,rgatelandr1@studiopress.com,975-416-5314,1999-05-08,2011-11-13
Thaine,Uccelli,Male,tuccellir2@amazon.de,951-144-5403,1962-12-09,2013-10-08
Torin,Lemerle,Male,tlemerler3@issuu.com,353-739-4722,1962-01-13,2013-11-26
Gamaliel,Spendley,Male,gspendleyr4@liveinternet.ru,844-802-3149,1972-12-27,2022-05-09
Honoria,Fain,Female,hfainr5@com.com,179-880-8650,1997-10-01,2015-02-14
Isidore,Farrance,Male,ifarrancer6@plala.or.jp,356-452-8944,1944-01-20,2014-10-21
Rosalynd,Janaszewski,Female,rjanaszewskir7@cpanel.net,610-391-2077,1995-01-03,2013-07-15
Eveline,Lightoller,Female,elightollerr8@miitbeian.gov.cn,422-538-2118,1975-01-31,2014-01-06
Theodore,Bamlett,Male,tbamlettr9@livejournal.com,312-798-2445,1987-09-21,2015-07-17
Letti,Aitchison,Female,laitchisonra@hc360.com,215-933-7817,1972-03-12,2011-02-12
Yoshiko,Brake,Female,ybrakerb@ucoz.com,975-868-5152,1975-12-22,2018-12-12
Pincas,Biglin,Male,pbiglinrc@who.int,129-854-3796,1964-09-12,2020-12-24
Matteo,Fuster,Male,mfusterrd@typepad.com,234-125-4966,1952-02-26,2010-10-10
Debby,Winny,Female,dwinnyre@telegraph.co.uk,477-225-8763,1948-05-14,2020-04-28
Karen,Bunney,Female,kbunneyrf@msn.com,502-320-3836,1977-05-17,2021-05-31
Debra,McCallam,Female,dmccallamrg@craigslist.org,241-774-4325,2001-11-21,2022-11-22
Cherie,Legister,Female,clegisterrh@cisco.com,804-430-7044,1955-10-07,2016-05-14
Araldo,Grioli,Male,agrioliri@wikispaces.com,998-745-4886,1983-11-21,2014-06-07
Olga,Camp,Female,ocamprj@amazon.co.jp,227-424-1011,1950-01-12,2011-08-07
Jackelyn,Collings,Female,jcollingsrk@tripod.com,515-202-3884,1951-03-09,2014-01-22
Erick,Jervoise,Male,ejervoiserl@businesswire.com,544-461-6061,1952-05-15,2019-08-22
Paige,Downey,Male,pdowneyrm@seesaa.net,798-206-2986,1985-12-12,2015-01-13
Baxie,Ioannidis,Male,bioannidisrn@statcounter.com,124-111-2226,1970-07-01,2014-05-23
Mort,Lyenyng,Male,mlyenyngro@istockphoto.com,731-158-0825,1990-05-01,2018-01-12
Estelle,Dodshon,Female,edodshonrp@biblegateway.com,500-819-2193,1971-10-13,2016-09-10
Irena,Bransdon,Female,ibransdonrq@samsung.com,694-818-5780,1975-12-15,2014-06-22
Charlena,Plaschke,Female,cplaschkerr@discuz.net,765-900-4261,1969-12-28,2022-10-21
